movie,tokenCount,characterCount,sectionCount,afraid,amused,angry,annoyed,dont_care,happy,inspired,sad,totalProbSum
10thingsihateaboutyou,9068,33,1559,0.11305962040274,0.133459294227619,0.116390609339553,0.125104210148487,0.131428220350618,0.115856635387719,0.14164938633911,0.123052023804155,92.891419256305
12monkeys,16019,149,1611,0.120572342293305,0.131576582249046,0.119041002231994,0.123856326415565,0.1295546668063,0.113931486347634,0.135558294478194,0.125909299177962,159.348021780747
1492conquestofparadise,11734,42,1277,0.122439481465104,0.129006314977658,0.120118160336097,0.122749052682635,0.126972726653369,0.114571092121438,0.134813242109007,0.129329929654692,98.0494618638541
15minutes,12497,63,1515,0.115767258955552,0.132546490293552,0.117893916625884,0.124036078393997,0.130992726131621,0.116027609203553,0.138358518806691,0.124377401589151,131.445848007566
30minutesorless,11763,52,1512,0.112667987439294,0.134329574008567,0.11560179626541,0.124063668266721,0.131379445084347,0.116642216463238,0.143160023723446,0.122155288748977,125.886161482678
48hrs.,10414,43,1388,0.112453907730868,0.133976245703989,0.114671240413182,0.123707150618317,0.132515668007193,0.117606373844076,0.143389773291854,0.12167964039052,113.734123329621
5050,10587,145,1578,0.112980372931605,0.134604589444517,0.113748313716781,0.1227764226838,0.131317053389283,0.116396913243957,0.144169011272794,0.124007323317263,111.728356140995
8mm,17168,33,1590,0.1136536913467,0.134126863558438,0.115933763477653,0.122876946620914,0.131073692787553,0.117042014559151,0.13946439086906,0.125828636780531,193.027795534234
abyssthe,15978,54,1464,0.117746986815186,0.133209480867227,0.111120330488008,0.121025335809884,0.130966624541734,0.118333494827824,0.143727891090333,0.123869855559804,122.547747876733
afewgoodmen,13307,35,1857,0.124168040992062,0.125926817622668,0.130936690523569,0.129578678162076,0.125332645903519,0.111733067164964,0.125730532979885,0.126593526651256,183.728820432548
affliction,8280,27,1049,0.11483739919561,0.132926783574349,0.11809693602497,0.125006235353463,0.13074905009847,0.114713430074234,0.139266831312523,0.124403334366382,90.863963719132
airforceone,13925,106,1881,0.128142881160896,0.125410190622934,0.123494315104196,0.126485612090378,0.125250057549839,0.116818891538418,0.124778740373828,0.12961931155951,129.434044452049
airplane,10070,80,1625,0.122023858552344,0.131163316739508,0.113856101544565,0.121536659006557,0.129805615383412,0.116496077559398,0.13401719810509,0.131101173109126,81.6458777111287
airplane2thesequel,11869,131,1803,0.117613923922405,0.13187106605524,0.116520602862801,0.12344433640311,0.129877331713565,0.117064619306839,0.138662909699275,0.124945210036764,96.1968448115032
alien,11098,8,1523,0.113786484471138,0.135740920612718,0.111461569478424,0.121655715674403,0.131404982271058,0.119275631559429,0.144459493599204,0.122215202333626,82.1957858030485
aliennation,12752,103,1204,0.119773684686524,0.130520091720523,0.117131085246584,0.122298270251947,0.129541237267277,0.116526634480243,0.136154812645926,0.128054183700976,106.309971207792
aliens,14590,35,1396,0.120043083648831,0.131375481949062,0.114303505504011,0.121909796767445,0.129347937240391,0.117489154672492,0.139322256310574,0.126208783907194,89.9136323614638
allabouteve,14246,25,1816,0.11873991897004,0.129320044230415,0.12158066817616,0.127102314940355,0.129314576699143,0.114961467953257,0.133944863565252,0.125036145465377,209.108941405785
almostfamous,17473,73,1953,0.11735421779508,0.1320531016955,0.117122719289439,0.124120843111942,0.130799048756606,0.115670968745163,0.137444749399755,0.125434351206515,210.904895195083
amadeus,16711,58,1995,0.116465012113626,0.131858492567863,0.116953191583989,0.123651549359656,0.130762907845428,0.116077374425107,0.138700098957865,0.125531373146466,182.226538945101
americanpie,10660,54,1634,0.113454169898468,0.133953268160177,0.114821594408018,0.124597573210113,0.131244927981095,0.117133294545571,0.142266101867218,0.122529069929339,115.597299375882
americansplendor,9939,46,1069,0.111201842384818,0.13568239284612,0.11155583191987,0.122292344452601,0.13243214685677,0.118094523878985,0.146012397078155,0.122728520582681,90.8913777966339
americanwerewolfinlondon,8418,38,1270,0.118458034136713,0.131695285029843,0.118476957300068,0.123241390900981,0.129178447806222,0.114763364986246,0.136249920350609,0.12793659948932,72.2368719704624
amour,6471,48,806,0.117085970041083,0.130611561629964,0.11791332899288,0.124786094502923,0.130461838469814,0.115922730354058,0.137685115564719,0.125533360444558,81.4364148782526
anastasia,10371,55,1140,0.117036382322968,0.132637334616736,0.114215541507749,0.121790193829463,0.130787838772518,0.1159685504155,0.140963113068465,0.126601045466603,88.8448886537952
annakarenina,13041,136,1802,0.115612117112515,0.131689301833473,0.116176041797113,0.123656413696675,0.131126256060737,0.116723983954859,0.139690645379381,0.125325240165248,134.547545555599
anniversarypartythe,7759,245,1424,0.112909587696775,0.133948663130782,0.113980584717581,0.124662496652228,0.132607322833114,0.116156795565618,0.143772089712136,0.121962459691766,76.9109870428587
antitrust,13074,73,1632,0.118811207272384,0.132548647710268,0.119580115389038,0.12516094430803,0.128769599629741,0.114799014421427,0.13631798069863,0.124012490570482,131.763965411868
apocalypsenow,14672,44,1441,0.121854896526199,0.130454294456943,0.117496146650038,0.121333577620063,0.127731438235846,0.116367504749484,0.136315535850048,0.128446605911379,131.581108448392
aptpupil,14489,28,1492,0.114650779273344,0.132551776052403,0.115423363065849,0.123595461247717,0.130403978626227,0.116062359485422,0.142333552723307,0.124978729525731,159.814532459727
arcade,11199,29,954,0.115506564578203,0.13359676532996,0.111216938362835,0.121381675939025,0.131812040871011,0.121019078535378,0.140902669236921,0.124564267146665,95.2189222765755
arcticblue,13710,21,1306,0.117436135857218,0.132094562252691,0.112271832159948,0.121052690008895,0.131433348240929,0.118380912658358,0.140675111396425,0.126655407425537,101.110165902942
armyofdarkness,7635,38,535,0.122642035663425,0.13098734282879,0.113698520278075,0.117884217222204,0.128777617788714,0.118890005136498,0.136266064329106,0.130854196753186,33.8163280936395
arthur,10880,110,1597,0.118759920362796,0.13082630240165,0.118402789548068,0.124071032071538,0.129668207964885,0.114457750612203,0.136872345237285,0.126941651801574,107.8041807507
asgoodasitgets,10424,42,1301,0.116287603499565,0.131986651360739,0.118580817985793,0.125484174768795,0.130532102771772,0.115035225007997,0.138540782314605,0.123552642290734,131.264306214168
assignmentthe,16272,51,1357,0.117760513411333,0.1319963743443,0.117327213782948,0.122990733699941,0.129939183214636,0.115749259668675,0.137850892015824,0.126385829862344,180.144974879019
austinpowersinternationalmanofmystery,10017,73,1282,0.118915157596731,0.13141854202271,0.116417952960019,0.123356137603903,0.130332294119079,0.117214537062733,0.138351421830391,0.123993956804435,84.1979767284662
austinpowersthespywhoshaggedme,9001,66,1196,0.11815300123047,0.133369248247704,0.116573590345297,0.124072726118037,0.131208106401323,0.116360805233129,0.13751751246003,0.122745009964009,77.7059530070151
autumninnewyork,12190,43,1515,0.11571384868171,0.133928847027662,0.115047155686671,0.123722699597255,0.131713620419463,0.115503152537385,0.140799881914136,0.123570794135718,107.402118832004
avengersthe,12426,35,1518,0.125315619961825,0.129337976913045,0.118551438478991,0.122365476736784,0.128102505756784,0.114949040735795,0.131661197458985,0.129716743957792,90.2695695204294
avengersthe2012,12459,76,1408,0.117612264699363,0.133421718272963,0.112996828344475,0.121095362419173,0.129155730561722,0.117459676261314,0.143192384024942,0.125066035416046,114.869361732563
bachelorparty,11077,64,1481,0.10932864291038,0.136964261263828,0.111735953472039,0.123414794474991,0.134696797274684,0.118132111673874,0.14562588739332,0.120101551536885,99.5750872464688
backdraft,13698,48,1655,0.115366441526821,0.133165946326901,0.113771992939238,0.121946127114895,0.130406340881065,0.116209905711773,0.141950785008147,0.12718246049116,124.506036995138
badcountry,12392,71,1458,0.11743435318449,0.130202226715139,0.117453466378264,0.122235300776798,0.129630850098497,0.116524303684563,0.13746577374442,0.129053725417829,88.7028711840661
badlieutenant,7712,40,461,0.107600993844731,0.135661074270908,0.110458111443016,0.121538700048936,0.133689771767276,0.12036095294465,0.148778013352602,0.121912382327881,63.5530973422622
badsanta,8121,43,1105,0.114885716790889,0.131817933474411,0.115760235824786,0.122957543559092,0.130515937454971,0.117345359330148,0.141885100791802,0.124832172773903,61.3851416389652
bamboozled,11602,73,1735,0.113817288925667,0.134781087057507,0.11436617379351,0.12426221559804,0.132772796705595,0.116606732369652,0.141717403310306,0.121676302239724,127.25899499559
barrylyndon,15353,78,1474,0.119485318384698,0.133556910364852,0.120029178091432,0.12371070283984,0.127066951769658,0.113390032580598,0.134865637179301,0.12789526878962,181.735432807674
basicinstinct,9312,33,1469,0.118264526151496,0.131469623872044,0.12069269495275,0.124700789483459,0.129851712515286,0.114325060436365,0.134548397923293,0.126147194665308,126.896370761408
battleofshakerheightsthe,9084,38,1497,0.111522677609505,0.134212351346154,0.114049140732345,0.124022091278937,0.132340871453907,0.117780845064681,0.144223313547889,0.12184870896658,93.4279940872266
beavisandbuttheaddoamerica,8609,134,1258,0.117199684208023,0.132281278699193,0.116666974480855,0.123508525848628,0.130270422863368,0.116880152817468,0.137247962191269,0.125944998891196,82.5665647841308
beginners,9219,36,1334,0.11512504490464,0.134948078512588,0.114206682404442,0.122539797851937,0.13110160673295,0.116765027308017,0.1397010870691,0.125612675216327,87.2597429687627
beingjohnmalkovich,10092,52,1389,0.115767965571414,0.132916744299965,0.115405159601961,0.123855479112237,0.131090466584005,0.115885097620767,0.140989361584799,0.124089725624853,87.0960500944223
beingthere,12792,109,1613,0.114506024452617,0.131562266864588,0.117098046033145,0.127890611231694,0.130920654904919,0.117839116401855,0.138617752556954,0.121565527554228,132.13307800664
believerthe,10805,79,1423,0.122803975709889,0.128207142376249,0.122615090493168,0.125267539471051,0.127136450604741,0.111766836318051,0.133308855847711,0.12889410917914,129.837436206482
bigbluethe,12546,34,1455,0.117224915480917,0.132705107974098,0.115943300247534,0.122816586274351,0.129576845396532,0.116635512639768,0.139726005882854,0.125371726103945,117.703002037985
bigfish,13052,51,1477,0.11757697603805,0.131428784909034,0.117358696618254,0.122980348021173,0.129130745967443,0.114592904438977,0.139110048205615,0.127821495801455,157.877682748511
bigwhitethe,11502,36,1530,0.117262104488472,0.131874792366037,0.116737796756495,0.12394111456585,0.130284216868507,0.115396871765864,0.138504482654133,0.125998620534642,116.237731379231
birdsthe,16438,34,1592,0.118035615374175,0.130199588620633,0.117679277984074,0.121521418756014,0.129166247301189,0.116744180746735,0.137786482358114,0.128867188859064,177.309531840695
birthdaygirl,9023,22,1150,0.122808394971984,0.129732349653971,0.122044593081642,0.124331857659194,0.128044203306425,0.115187271490523,0.130333875058934,0.127517454777326,99.3412430454365
blackdahliathe,18033,74,2149,0.11839607848391,0.131136315879367,0.120819719556919,0.124292059151745,0.129555152455902,0.114431084962891,0.134056580335259,0.127313009174008,186.622070786782
blackrain,11185,32,1171,0.120625795703375,0.130734560763705,0.119724170995871,0.123040529850138,0.129256039366177,0.115157931738292,0.133521947473871,0.127939024108571,101.93852660323
blacksnakemoan,11946,36,1330,0.119502311152804,0.130866625563666,0.119119484295286,0.124407546955816,0.129150823666277,0.113829199602052,0.136602639227667,0.126521369536434,140.756090852502
blade,12935,34,1096,0.117783069562851,0.132577160717757,0.113188956121858,0.119864058619502,0.130209280909396,0.11755007443909,0.140640200666502,0.128187198963044,76.9995543568933
bladeii,12816,23,1000,0.120874392686578,0.130166603713252,0.115538493655481,0.120790063233409,0.128809216187464,0.117433472935541,0.137490101856875,0.1288976557314,83.3032001997682
bladerunner,11485,34,1284,0.113422322415918,0.133762527106413,0.112525752544739,0.122684310681378,0.132497418415931,0.118597153641376,0.143118977783446,0.123391537410799,110.927237197821
bladetrinity,13187,59,1052,0.11901405048659,0.13148095452859,0.113326820915925,0.119991424156229,0.129756755639711,0.118193661182268,0.139354596015872,0.128881737074814,85.0446110615616
blastfromthepastthe,12119,55,1901,0.116810428350955,0.131873598114858,0.117137866026592,0.124209978390918,0.130609515036746,0.115501780919721,0.138673569630974,0.125183263529237,138.427665801295
bloodsimple,10330,20,825,0.117103768269571,0.130930520257745,0.117051385208839,0.122305726395161,0.13020801188806,0.118431196177637,0.135679630934179,0.128289760868808,83.4745598917233
blow,11384,67,1553,0.112631907045879,0.134492657772896,0.115312929386663,0.124278376473133,0.132144073895364,0.11663035819422,0.142131729349638,0.122377967882206,126.43032513802
bluevelvet,13518,74,1601,0.114794703328245,0.133243827778371,0.114428656724046,0.123052139677053,0.132057275296689,0.116400791735975,0.141264890417431,0.12475771504219,173.486997038237
bodyofevidence,10295,26,1265,0.119003895353709,0.130739101527097,0.122350907061896,0.126395198414951,0.128423290585599,0.112375790276213,0.134960774111509,0.125751042669027,113.716067687692
bones,13806,35,1258,0.116113650558557,0.133289063132961,0.113577573208749,0.121615203172395,0.130601783791402,0.117776148811507,0.140592609326172,0.126433967998258,127.477145500275
boondocksaintsthe,13210,53,1279,0.115637710628331,0.131809505233591,0.117919610202543,0.123368677472427,0.130188470871207,0.115928645147117,0.138843956677517,0.126303423767268,124.150206323629
bottlerocket,9777,35,1693,0.114365335788509,0.133006429008432,0.117695668291103,0.125145211546577,0.131258574141546,0.116289418603986,0.138848517155337,0.12339084546451,135.713015012291
bound,9202,15,1637,0.114221889445613,0.132761132827769,0.118088003889905,0.125236059187272,0.130603244593597,0.114700278529629,0.140987436110711,0.123401955415504,99.0931336880802
bourneidentitythe,10521,58,1081,0.116172725940014,0.132939559956138,0.115661675255944,0.122933352640319,0.129461241313418,0.115365825709334,0.141246846833132,0.1262187723517,108.773121227479
braveheart,13446,87,1250,0.124060223752854,0.128669620944997,0.120068339212141,0.121517413089331,0.126859235847135,0.113996940928262,0.133124352178294,0.131703874046986,115.874394637535
bringingoutthedead,9386,53,1131,0.118176450001995,0.130845796049123,0.116819988416733,0.122973386564975,0.130015041923076,0.115410492385029,0.138428200615567,0.127330644043502,100.848235570064
broadcastnews,13881,71,1807,0.118748053730959,0.130600376442104,0.118759918841211,0.125587079361768,0.129941394530846,0.114647743036575,0.136848145658724,0.124867288397813,186.729944927348
buffythevampireslayer,11236,42,1427,0.114024301526856,0.133260212583929,0.113339464950904,0.122832106849187,0.13182253633097,0.117158994232261,0.143188285427664,0.124374098098229,109.646572329823
bulldurham,12239,53,1456,0.113033990868676,0.134038049096445,0.112609997370779,0.122033443617734,0.132587069341821,0.120062619134788,0.140622895154016,0.125011935415741,114.803223517672
butterflyeffectthe,12467,33,1482,0.11576688649931,0.133159797907313,0.115027432880408,0.122872800260499,0.13059092781066,0.116798697675127,0.140815705976344,0.124967750990339,118.088055839656
capote,10735,56,1404,0.120403883917084,0.130463289513472,0.119525672628383,0.123617842135582,0.129105496335318,0.114184648260826,0.134208886088884,0.128490281120451,106.313274028938
cars2,11866,108,1721,0.115527184989849,0.135004433017408,0.112965460665471,0.122978870810461,0.132426383132703,0.117729270224034,0.140503017777873,0.1228653793822,109.548434440097
case39,12400,75,1388,0.12056015555184,0.128914667275432,0.122406311508481,0.125509582432606,0.127735463693853,0.113088010455966,0.133162934541906,0.128622874539915,142.03048801877
castaway,14274,42,1757,0.118639143714446,0.132040613505286,0.115224364777643,0.121917036815957,0.129211486412413,0.117083031006005,0.139272394266307,0.126611929501943,145.829095283237
cedarrapids,12410,86,1453,0.118903464110344,0.130479204974201,0.12200486628099,0.127388709742581,0.128436814005597,0.11507210167776,0.133183101780685,0.124531737427843,138.828603444114
cellthe,11133,34,1190,0.118157075181713,0.132730404522579,0.115212037487588,0.122010790266772,0.128886049056217,0.115063087280378,0.142405625923222,0.125534930281531,80.6785885146278
chasingamy,10807,39,1296,0.116300781525783,0.131785346425945,0.119250949725746,0.125856842304346,0.130687779420521,0.114965556328488,0.137702292171365,0.123450452097806,158.33240742855
chinatown,11848,61,1574,0.120515344589149,0.130009268883782,0.121631957900197,0.125304785774783,0.12835038662525,0.113615125390732,0.134213743057247,0.126359387778862,143.061605017607
ciderhouserulesthe,13347,40,1781,0.115869428725991,0.133625987990927,0.115317318891644,0.123414027761113,0.130995154250656,0.115943320654536,0.139999326498417,0.124835435226717,136.817374097354
cincinnatikidthe,11842,43,1462,0.111140132837762,0.13548831096461,0.113468545312762,0.123802790041008,0.132339864349571,0.119466182406144,0.143800174969305,0.120493999118838,156.818768868705
cliffhanger,15803,27,1023,0.116388298014714,0.132634343106785,0.111933733477711,0.121344311406748,0.130951418710768,0.119707181530189,0.141672646503474,0.125368067249612,141.676785034515
codeofsilence,9288,47,1101,0.117935792780005,0.13130268931442,0.118002980896074,0.12231188850684,0.127752589744693,0.1161356791399,0.137771484503406,0.128786895114662,84.9158579824456
coldmountain,14991,43,1579,0.119039358215538,0.130575773737543,0.118436329932143,0.122588870356204,0.128546493025997,0.115151902547047,0.137629778256565,0.128031493928964,161.339590223029
colombiana,12924,78,1706,0.115293504340311,0.133423562827579,0.115410315344277,0.121974224711123,0.130404708242186,0.117312556885544,0.14041177482655,0.125769352822431,140.437368577161
conanthebarbarian,11151,47,990,0.124118875199387,0.128548203227773,0.118577011454764,0.120173577838374,0.12606424607119,0.11399746848381,0.135308593308846,0.133212024415856,80.9790066205694
coolerthe,10410,37,1032,0.112915884554377,0.134540331538433,0.112604305250653,0.123026184004204,0.133099097796674,0.118266548227145,0.143157455797974,0.122390192830539,100.204432761653
copycat,14965,51,1175,0.115882299811429,0.1323237813413,0.117451261353783,0.12324010142636,0.130740634443607,0.115655469373897,0.139368886084338,0.125337566165287,156.799434977601
crash,8803,17,518,0.118483278528721,0.132788784265553,0.112072817446803,0.119902424845883,0.130869514052018,0.119520235176029,0.135892121540385,0.130470824144609,54.5558808804833
croodsthe,8072,56,1148,0.109174804071749,0.135536403965721,0.107576005757432,0.121193082623549,0.134897370909679,0.11976460183038,0.148442092365522,0.123415638475967,68.038954784346
crouchingtigerhiddendragon,5984,39,878,0.115276860286438,0.131949064658489,0.115923858741624,0.122443281000475,0.129709951454733,0.116057413383627,0.142010838676679,0.126628731797936,46.050787986316
croupier,9704,39,1385,0.113329245880171,0.134632727852596,0.113992929463038,0.122895502252107,0.132477440720785,0.117992968811607,0.141267588065535,0.123411596954161,91.3975720261073
crowsalvationthe,10899,38,1111,0.120055818495704,0.129651455277577,0.12037039485464,0.122816004682481,0.128575047991315,0.11549660922845,0.133420920842655,0.129613748627177,88.2866146708225
crowthe,11441,41,1090,0.118838750596581,0.13201756792168,0.11287655515647,0.120573904276616,0.131864898585848,0.11898513702098,0.137138741909332,0.127704444532493,70.8949646918594
cruelintentions,8207,25,1561,0.116009155506267,0.131387990553198,0.119120107192425,0.125893984735593,0.130069290095933,0.114195474456316,0.138971912787138,0.124352084673131,94.9058709042272
danceswithwolves,18761,53,1498,0.119858701453043,0.131714553877202,0.114775976556183,0.12129731544773,0.128634551580345,0.115913583020206,0.13967245634284,0.12813286172245,194.961301663878
darkcity,13962,159,1228,0.118797798372681,0.133097865864339,0.115212026918712,0.11983910222542,0.130247092772479,0.116982579640964,0.138499131350288,0.127324402855118,110.220399506661
darkknightrisesthe,15342,127,2235,0.121246855946448,0.129931526459941,0.117813378269403,0.121392155255685,0.127137079306325,0.114633114970006,0.137868598230973,0.12997729156122,138.965861541183
darkstar,3427,11,544,0.124670540304089,0.130997500268753,0.115739331017166,0.121430397742388,0.129149477605876,0.116744008202951,0.136448731759474,0.124820013099303,18.9726167971237
daytheclowncriedthe,16770,59,1431,0.114795104452982,0.131602087652849,0.116293011357062,0.121871632769938,0.130473766481477,0.116838540234769,0.142257057428247,0.125868799622676,205.891519883349
deadpoetssociety,9911,66,1559,0.114526656529232,0.130642496160355,0.118852987112088,0.124940050814188,0.130217649041949,0.115828637243143,0.139903066516278,0.125088456582767,105.398867708449
deepcover,10456,43,1341,0.114114007420635,0.133045458635868,0.117760549823803,0.12470725557504,0.131224482040663,0.11544294889385,0.140306922846972,0.12339837476317,113.356666992196
deerhunterthe,15274,50,1454,0.116200285285051,0.132340530686413,0.115448337625561,0.122759847117349,0.130808888370515,0.117279417696064,0.13960255523111,0.125560137987936,140.200293435539
detroitrockcity,13574,61,1327,0.115866917416133,0.132884525472099,0.116151841354853,0.123783095857251,0.130975603923513,0.117264349881603,0.138790168857956,0.124283497236594,124.784617181532
diehard,12653,71,1169,0.119705688733636,0.130294530909446,0.118888433248446,0.123229412711926,0.129613323420881,0.116631814725158,0.134879409225406,0.126757387025101,113.139601415678
dogdayafternoon,13507,65,1387,0.120081833400279,0.129783275483777,0.120785018009539,0.125009112051124,0.129728664365026,0.114878775342327,0.135162625024949,0.12457069632298,180.600887572004
doorsthe,19523,117,1713,0.115089036130759,0.133772645145344,0.113495133044545,0.122638102516723,0.132417009436216,0.116419335273464,0.141068608815149,0.125100129637801,220.47966794585
doubleindemnity,14268,30,1461,0.114062976088838,0.132416990697127,0.116889200626828,0.124909883017254,0.131299488948636,0.116793214459444,0.140172301243532,0.123455944918341,186.287220145567
dropdeadgorgeous,9709,69,1241,0.119560718813606,0.129578728259994,0.117461823215553,0.12356750725861,0.130459691666013,0.116755831919602,0.135878277193501,0.12673742167312,89.1852583687161
easya,10047,124,1244,0.120652045445949,0.129823933483694,0.123518123260952,0.127242174252758,0.127291418236506,0.111444445470675,0.133587607794402,0.126440252055063,127.78053572759
edtv,11713,119,1785,0.116187949683998,0.132258166244397,0.117253525342781,0.125246912236828,0.132016905429258,0.114389000429092,0.138549606095059,0.124097934538586,149.380811093653
election,12500,117,1424,0.112231153641827,0.134240056642748,0.114619637623453,0.124560907641727,0.130442458160103,0.116955794567287,0.144151837199302,0.122798154523555,144.312520579043
enemyofthestate,11242,78,1673,0.119627748940739,0.131130004662525,0.121315051080045,0.125674317411893,0.128849298016239,0.114221738723487,0.133668875426441,0.125512965738633,95.7101359759355
englishpatientthe,15442,49,1640,0.120062948758329,0.131366677250403,0.117696062741129,0.12291311538407,0.127794504898656,0.114181818480671,0.13802586448528,0.127959008001462,142.880449917639
eternalsunshineofthespotlessmind,11371,179,1774,0.118517556785927,0.131106530484446,0.120202779165599,0.126025903140978,0.129379440093213,0.112396802555681,0.136937979597498,0.125433008176657,145.464616011663
evencowgirlsgettheblues,9531,48,744,0.119001829806331,0.131503423321283,0.115980964993662,0.123030850313393,0.129275633232705,0.115271113628186,0.139734078221241,0.126202106483199,76.4114420381378
eventhorizon,11771,16,1722,0.115089400519796,0.132135934753095,0.111910600417367,0.120788006987944,0.133242601104175,0.121687879358121,0.141581221584311,0.123564355275191,80.1485577106569
evildeadiideadbydawn,12345,22,822,0.119948117527164,0.132082952837596,0.114446910972888,0.115373926185492,0.131787652304891,0.121447473962142,0.132024776775869,0.132888189433959,64.9887376151168
excalibur,13251,35,1277,0.117335342045681,0.131746571754376,0.11296243451068,0.119044179990835,0.128898331052924,0.117889283417952,0.142824861989031,0.129298995238521,77.7181237796589
fabulousbakerboysthe,13105,53,1981,0.115881109623869,0.133485966111874,0.115459047025138,0.123627872716152,0.132457860409724,0.117077228758852,0.138141552590239,0.123869362764153,153.192579090224
faceoff,12218,48,1293,0.112955448303419,0.13329583559031,0.113486895504725,0.121861301417251,0.131664056396619,0.118886751459593,0.141987653361573,0.12586205796651,96.970423574264
familymanthe,14079,50,1859,0.112024908610885,0.135478617843118,0.11344575226767,0.123312016394031,0.133221762191663,0.118429730216625,0.142176048945022,0.121911163530986,153.862258262681
fantasticfour,14512,54,1699,0.115593256730671,0.133816124119166,0.112523747359031,0.122371597680368,0.131109159946012,0.117374798227205,0.143201745092157,0.124009570845392,138.356043270405
fargo,7981,43,1151,0.124921003819986,0.127567718928598,0.125255909652036,0.126584255037032,0.127343633267306,0.112880071509638,0.127619791902848,0.127827615882555,80.783049877344
fasttimesatridgemonthigh,11796,74,1542,0.11491158079277,0.131844734709413,0.116260755357909,0.124349665889756,0.131592123300838,0.116930607960194,0.140595508010302,0.123515023978818,133.638208224071
fatalinstinct,14307,50,1523,0.114029992078516,0.132939425802278,0.116559334110697,0.123148854568693,0.130831383872481,0.118031107969035,0.139945609763472,0.12451429183483,114.968801671668
faultinourstarsthe,11421,83,1670,0.119617753592718,0.13001375946182,0.120260366060713,0.12526027731002,0.129005206838794,0.113356839275736,0.135813623272924,0.126672174187275,137.770845761642
fearandloathinginlasvegas,11638,60,1314,0.117280429335197,0.131583537207904,0.117421090571268,0.124270248372469,0.130207205797471,0.115302732001292,0.138667084102435,0.125267672611965,100.534957205865
feast,9350,31,1289,0.11435767742902,0.132879310255152,0.113410592851083,0.121914658559721,0.131739453920959,0.119349909462482,0.141565659520266,0.124782738001317,64.1637383866999
ferrisbuellersdayoff,11744,69,1757,0.113295331363539,0.132625465974976,0.11590777935525,0.12370989851059,0.130898545198988,0.116731928096486,0.142052084042985,0.124778967457186,101.31613986468
fightclub,15151,71,2170,0.115853139129395,0.132884090839757,0.116234732125892,0.123611577768579,0.131076273714117,0.116622441139881,0.138612923713548,0.125104821568831,142.473829426943
fiveeasypieces,8285,24,1233,0.115620419036072,0.132475471077896,0.115326803613956,0.123734590520338,0.130638011531609,0.117039336792386,0.140628522519167,0.124536844908576,88.3809325039961
flight,16661,81,1591,0.117766627128174,0.131556414336051,0.115315566745865,0.122670119309429,0.129780808532576,0.116207872545891,0.138759993443369,0.127942597958644,153.125068771655
forrestgump,11989,117,1806,0.118597724401035,0.130126743827003,0.119908406262279,0.124988636499253,0.128741245213502,0.115561337699107,0.135454268888057,0.126621637209764,161.943734542062
fourrooms,11733,28,1341,0.12174130000428,0.129836005280731,0.122416258894952,0.12571169724502,0.129215412141866,0.113388267658416,0.131028489523256,0.126662569251479,145.590144987984
frances,13280,79,1751,0.118303500931845,0.131523935943692,0.118599261431635,0.124591724422566,0.12952495979553,0.114195674945479,0.137843287742377,0.125417654786876,158.012794393707
frankenstein,16039,57,1336,0.1196917543288,0.129602887958475,0.116523449504029,0.120889000578643,0.127627584020861,0.115199345331826,0.1382022180584,0.132263760218965,112.044367595063
freaked,10957,123,1259,0.115037167200584,0.134100091787392,0.114648420921941,0.123488283458684,0.13224007232716,0.118009725603166,0.139852843696014,0.122623395005059,85.3307949648614
freddyvs.jason,12970,51,1290,0.121887841251955,0.128348708064733,0.121484138821872,0.123871206587163,0.128413502570966,0.114586877235244,0.132609431278785,0.128798294189282,137.954971187597
frenchconnectionthe,10437,49,1091,0.116013699725335,0.133466219624131,0.115111991014024,0.121551196310118,0.13095974403043,0.118587933898567,0.138119971770042,0.126189243627352,94.3800386557419
frequency,14648,51,1552,0.113550249952761,0.132961478032865,0.114165102722321,0.121386570786305,0.132387702405764,0.119633592245569,0.139370768010319,0.126544535844097,134.488217589158
fridaythe13thpartviiijasontakesmanhattan,13055,36,1250,0.114669313342142,0.133489310234095,0.109973199614066,0.119525186364207,0.132171079227569,0.121401142375094,0.142142011024414,0.126628757818414,92.134619123978
fromdusktilldawn,11408,34,1049,0.122243501457029,0.128692050853247,0.123481040382411,0.125569624507492,0.128070596489207,0.113417355108829,0.130702605668219,0.127823225533567,132.839671646382
fromheretoeternity,17542,189,1709,0.114147203497373,0.133837203424943,0.115795111793982,0.122742868756497,0.131878438445927,0.117788620559653,0.140063628674591,0.123746924847033,199.087216411091
fugitivethe,13834,90,1654,0.122534453721544,0.12995130212727,0.118823029165041,0.121482330971316,0.128182518742795,0.115153682272162,0.133167182506842,0.130705500493029,130.311738588187
g.i.jane,11431,55,1353,0.11579442710159,0.131815719620015,0.118739741939982,0.125413923980471,0.129111524611993,0.116227416687149,0.139480567943166,0.123416678115634,122.259587719872
gandhi,24591,136,1958,0.119466300833182,0.130436214884855,0.117321071531592,0.122038560133925,0.127836879098954,0.116628210468793,0.138992862587336,0.127279900461363,247.24590730768
gangrelated,11820,69,1674,0.114444639514019,0.133159980188753,0.119803336583501,0.125130591431908,0.13005357361136,0.114953361342916,0.138856890511902,0.12359762681564,131.680347890127
getcarter,8143,32,1199,0.114589614705605,0.13318434668497,0.115361044288673,0.122977820054623,0.131100225206885,0.11643203076697,0.14080249975918,0.125552418533095,74.3018730209801
ghost,12913,33,1415,0.122036119632785,0.128878901595636,0.121383396118484,0.124472795746428,0.128838211540041,0.113276704318818,0.132591061011582,0.128522810036227,138.281067570834
ghostbusters2,11507,42,1374,0.113595900984113,0.13407301654387,0.11300095890805,0.122342481050844,0.132274632615124,0.118587746024566,0.14327478476409,0.122850479109342,111.364014249346
ghostship,13156,23,1526,0.121496410138665,0.130788787879647,0.117431780022869,0.122107604216472,0.127903516987144,0.116909052221381,0.135476819748815,0.127886028785006,139.956008255006
ghostworld,10683,69,1649,0.111753258730404,0.134294140624677,0.113613609765336,0.124804590752381,0.13259980084707,0.116482617014713,0.144992593802234,0.121459388463186,129.879670512345
gladiator,12218,44,1223,0.120284538752797,0.12901888726339,0.116317050711554,0.120536696365937,0.127518969589561,0.115094076736797,0.139019409711241,0.132210370868724,93.9489080294807
godfather,16190,49,1665,0.117123647742102,0.130579520382376,0.117315269557713,0.122958931130811,0.129458899716153,0.11478525325052,0.139241109124023,0.128537369096302,194.503242014564
godfatherpartii,20246,100,2041,0.118355181290035,0.130190156045511,0.119271774315403,0.123988135881554,0.129096294420068,0.114268457556144,0.136836648201919,0.127993352289365,264.091310812708
godsandmonsters,11680,33,1637,0.11517692516994,0.132279986839204,0.116986908175996,0.123594408540264,0.130316168289363,0.115593250900141,0.14007803235638,0.125974319728711,106.639438157158
godzilla,14030,82,1509,0.125093003390134,0.13001209366625,0.114159373072639,0.119572395245788,0.128401646536965,0.116237228160821,0.137072819742754,0.129451440184651,117.684117739674
gonein60seconds,13078,50,1842,0.111768439772523,0.135385342808109,0.112564446451476,0.122662011656108,0.132757012508227,0.117956501292178,0.143412689550253,0.123493555961126,135.284357360761
goodwillhunting,11270,36,1680,0.112785960367843,0.133517935391681,0.11611846015261,0.125088463534508,0.131459247598304,0.116180161304026,0.142930730979417,0.121919040671612,137.66210019761
graduatethe,11184,56,1900,0.118014683241614,0.130324637828797,0.119872818646103,0.125578557809124,0.129373090967984,0.115170771691248,0.136006604144286,0.125658835670843,156.696192788502
greenmilethe,15324,39,1597,0.117488839737963,0.131806211701372,0.116829653512232,0.123895311639221,0.130130941422358,0.116253660101643,0.138278164906771,0.125317216978439,171.515546573395
griftersthe,11151,38,1360,0.11351666485093,0.134091836351501,0.11529965262877,0.123512753072128,0.13047598095099,0.11777806524876,0.142695812788805,0.122629234108116,122.35130071354
grossepointblank,9689,47,1130,0.117459415706652,0.13158880733115,0.114835525962028,0.122570951120865,0.130956886918403,0.11641850291178,0.139620000952737,0.126549909096386,85.9561540239583
hackers,7229,144,1173,0.112848362994172,0.134666888880382,0.112206970519336,0.122999984764089,0.133069196106976,0.119636621353416,0.144567662588521,0.120004312793107,53.3549368438093
halloweenthecurseofmichaelmyers,12475,34,1022,0.116974362050968,0.131692716511532,0.113474989394563,0.119733219786824,0.130625994206748,0.11713551319443,0.140507851804254,0.129855353050681,75.5285775904808
hardrain,10347,19,1127,0.120517010061699,0.129613365199207,0.116800855272132,0.121459833888402,0.127793809825304,0.116128149127927,0.1389647560306,0.128722220594729,109.375136395929
hauntingthe,14595,19,1305,0.11535829423561,0.132776363181278,0.114837997193861,0.122594558676463,0.130344868941314,0.116981865500897,0.141361565731355,0.125744486539222,140.207192146859
hellboundhellraiserii,13467,24,896,0.116011032346465,0.133399668284602,0.112154873363496,0.12074143318875,0.131396568048264,0.118864022764907,0.142044453779144,0.125387948224371,102.142128135009
hellraiser,8710,24,1261,0.113002739471924,0.133865849315399,0.111747774162778,0.121735061859892,0.131629685808562,0.118996360064489,0.143827632045187,0.125194897271771,72.8371282890256
hellraiser3hellonearth,11113,35,773,0.111922556164982,0.136721394894377,0.110352838589976,0.121135599502854,0.13337572776336,0.118376542526696,0.144651459160061,0.123463881397695,75.2739182987666
helpthe,15008,70,2145,0.116646034191617,0.130774540020291,0.118548242174644,0.124017355946534,0.129808878066827,0.114610449837007,0.138034585932297,0.127559913830784,177.490096667076
henryfool,12862,34,1644,0.114237716974577,0.134079243156926,0.113621339383663,0.122615970996942,0.130858242284235,0.118036617563736,0.142825656246745,0.123725213393176,147.493472377394
henryscrime,9361,79,1934,0.114312263367102,0.132939170394783,0.115790193442231,0.124468280146991,0.131980372272864,0.116831246959616,0.140843847322863,0.122834626093551,108.365019653946
hesher,11817,57,1429,0.116353317999115,0.130992890911588,0.118038814174573,0.124644238150173,0.129905712104108,0.115598114332792,0.13834995769865,0.126116954629001,129.03387828276
highfidelity,12545,24,1488,0.115136198147213,0.13317287905934,0.116872154479423,0.125640892346607,0.131692412982181,0.114970057482621,0.139975237744839,0.122540167757776,171.31470034069
highlander,9046,88,1350,0.114089465669826,0.133558185756693,0.112970628052631,0.120173271895106,0.130225422986045,0.116636694804083,0.144366048711153,0.127980282124464,61.6580149090638
hollowman,12699,22,1723,0.116682187527073,0.133341177689117,0.11338230575092,0.121666159148145,0.13070781634374,0.117081741624747,0.141234729365107,0.125903882551152,100.110300754715
hostage,12375,65,1681,0.114941165576532,0.131934081302076,0.118481159974178,0.1243630921522,0.130413074272748,0.115607641358934,0.138280764854775,0.125979020508558,127.527154333926
houseof1000corpses,11101,33,1304,0.118174999355559,0.131198679830164,0.119150523325798,0.124973320326575,0.129653507028514,0.115671357605462,0.135457341268906,0.125720271259022,105.904771345119
howtotrainyourdragon2,9695,57,1228,0.117108514043069,0.132466913160533,0.112582883098897,0.121292619089346,0.130920097308877,0.121196478803951,0.139078007071068,0.125354487424258,63.0035646230701
hudsuckerproxythe,12979,96,1328,0.120171242176429,0.129642644051157,0.120393913620757,0.12533609146705,0.129797012995014,0.116946393469371,0.132244375815854,0.125468326404367,126.473872591369
humannature,10370,26,1215,0.11522339183821,0.133273975692695,0.116949818579812,0.124190252507999,0.130318610031134,0.114807869880487,0.141516720715047,0.123719360754616,90.5660421106663
iamsam,11705,47,1449,0.12035317651179,0.129606217231866,0.121851529260916,0.126028694942375,0.129245794570011,0.113859600871253,0.132922051030062,0.126132935581727,153.372160309555
icestormthe,9942,42,1357,0.112759492720859,0.1342440172971,0.113279409903919,0.123765164251113,0.132526660761826,0.11756892870975,0.142867657393684,0.122988668961751,94.8018538620886
idesofmarchthe,7971,44,1060,0.11791457942499,0.131260367973965,0.120152929303791,0.127418801681906,0.129559103925613,0.115228241575566,0.135613954635357,0.122852021478812,105.356853728636
illdoanything,12230,68,1459,0.11744687924095,0.131203155108737,0.119327408578859,0.126202817070801,0.130110292981966,0.114068202002696,0.137758527647084,0.123882717368908,160.162270624452
independenceday,14481,102,1861,0.123258517328549,0.1292742701509,0.120552948785219,0.127493295521853,0.127572569305073,0.116029054069904,0.130955185103227,0.124864159735276,136.995506784179
indianajonesandtheraidersofthelostark,14353,30,947,0.117714774729085,0.132549762491421,0.113650964275207,0.12101674507898,0.12975621044151,0.118389089843455,0.140300643707848,0.126621809432494,113.490476067998
indianajonesandthetempleofdoom,16755,37,1398,0.117373146528209,0.133212575280745,0.109911497668411,0.119242250977351,0.131331285887528,0.120219969584889,0.141078021271029,0.127631252801839,122.743331238815
indianajonesiv,20032,34,1095,0.126343823695386,0.126413183751869,0.117637196927737,0.118997239005459,0.125857987429279,0.11724645631367,0.133933632861489,0.13357048001511,128.832447209422
insiderthe,13069,76,1596,0.118150997450827,0.131251358839184,0.120413750443296,0.126097143405546,0.130037375357704,0.114905903004223,0.134681883965136,0.124461587534084,162.904507080288
insidious,11083,37,1252,0.114152576243858,0.133521413706326,0.112025631514457,0.120860051061428,0.132223729117731,0.11872507365525,0.142509691941611,0.125981832759339,99.6065401339862
insomnia,12624,35,1688,0.114362872589569,0.133535619603294,0.114753981421652,0.121775558943575,0.131364506716879,0.118068128219696,0.140586094506816,0.125553237998519,110.063050599562
interviewwiththevampire,11128,29,1446,0.115683483849392,0.132467889915337,0.113119927519045,0.121056982147424,0.131901558379474,0.115576769242718,0.142395012330897,0.127798376615712,95.8231612349496
intolerablecruelty,8306,56,1300,0.120470096395796,0.130801078051653,0.120645463884803,0.125378347276645,0.129088771345435,0.112719017724585,0.136192772941152,0.124704452379931,68.2772864450541
invictus,14337,98,1577,0.117529332665819,0.131381514427444,0.115935640085598,0.123298795112284,0.127897706119486,0.11945132557156,0.138133570751716,0.126372115266092,160.754301093737
istillknowwhatyoudidlastsummer,10312,28,1330,0.115498821491487,0.133082097686651,0.114060154050552,0.122593365128765,0.131470070082631,0.117199358505585,0.140682832119136,0.125413300935192,91.3166020633768
italianjobthe,10519,38,1330,0.117566954244553,0.133409271053791,0.115616857218342,0.123610640062714,0.130589764508233,0.116704095922379,0.137708336793232,0.124794080196755,97.5735397915262
itsawonderfullife,16878,97,2205,0.114862690053677,0.13210128270484,0.116948187608567,0.123447100316488,0.131266043006925,0.116514679731779,0.13927531481455,0.125584701763173,224.201134876143
jacobsladder,17299,64,1562,0.119496820744501,0.131636183497981,0.116183942614436,0.122564065073693,0.129681682725836,0.11431500700645,0.138794485615383,0.12732781272172,165.085741472519
janeeyre,13917,49,1663,0.117817461837315,0.129887845135615,0.117118639749417,0.122380825599371,0.129240503349406,0.115953972765926,0.138505310825132,0.129095440737817,118.646119445337
jasonx,10685,39,1798,0.113801195080398,0.133237670607068,0.112059350658591,0.120959010617814,0.131629019139464,0.119357183453667,0.144189208621043,0.124767361821955,82.8900792368769
jaws,14429,67,1124,0.118422554274504,0.131548945205395,0.114629629020584,0.120368979238607,0.128583358452488,0.117968981287319,0.141851543106184,0.126626009414918,115.390266467555
jaws2,12346,64,1538,0.115308575759341,0.131764744200548,0.114357078150716,0.121852859601026,0.130043633905716,0.118062618093738,0.143213218173443,0.125397272115474,113.205470102217
jayandsilentbobstrikeback,11873,77,1498,0.11727475739379,0.130930176296158,0.123293016950256,0.127731245491872,0.130233955399421,0.115522842368122,0.132507922214298,0.122506083886084,130.596060934506
juno,9276,30,1279,0.112852568680643,0.13415667585564,0.115876926453525,0.124845242739986,0.131065469024194,0.115259126826345,0.142962326923918,0.122981663495749,88.719879337301
jurassicparkiii,9795,30,971,0.11791948257069,0.132899258815932,0.11531288672673,0.122503756672414,0.129026503388038,0.117234380638308,0.139237954927449,0.125865776260438,89.0624760462711
jurassicparkthelostworld,15781,34,1133,0.118854139141568,0.131478317405019,0.114107013970346,0.121430706831497,0.130098722206975,0.118185056347768,0.139328406097372,0.126517637999454,125.543618462267
kalifornia,13864,31,1563,0.120938737095187,0.131958909411874,0.115394545234274,0.120768662983735,0.130230284276237,0.116666789292949,0.135249768333123,0.12879230337262,118.956452947832
kateleopold,10554,34,1486,0.115841655732126,0.132416861130613,0.115827003420076,0.123364998485982,0.131259342855615,0.116270503826528,0.139998956386474,0.125020678162586,102.667079470001
killingzoe,8837,23,1291,0.116810402845528,0.132552035320862,0.114411209527811,0.122016082279145,0.130281656696092,0.116934502962179,0.14208512326158,0.124908987106803,85.3309081951876
klute,12022,48,1251,0.118298301489531,0.13154877955653,0.118745023463497,0.124310108153554,0.129482794071329,0.114731663482222,0.137125135501954,0.125758194281383,137.219007889268
kundun,12232,70,1280,0.122240112527664,0.128351658639455,0.118983118135945,0.121499970656709,0.126277624953728,0.113598908565166,0.13719723029399,0.131851376227342,108.099858698125
l.a.confidential,13063,63,1701,0.11238530316324,0.134042434793305,0.116701425909426,0.124053471515248,0.131877310895243,0.117191127073004,0.141111297446685,0.12263762920385,127.380970557038
laboroflove,13853,67,1308,0.120578067493189,0.130761244838196,0.116590397419268,0.121728060986913,0.12870142595376,0.114700695641082,0.13769136205458,0.129248745613014,128.674896373547
ladykillersthe,11815,36,1388,0.116670921009382,0.131675285257435,0.118383553253818,0.123337094531865,0.128705500993463,0.116895835491924,0.138035306566662,0.126296502895452,91.8418203659259
larrycrowne,9924,81,1470,0.117587902722766,0.131143759472635,0.118398682853914,0.124944107019546,0.130337581529829,0.11606931913407,0.136557729145385,0.124960918121855,107.6085590083
lastflightthe,10768,21,1490,0.1173749413231,0.127574981132957,0.125246567919908,0.129412792342557,0.12622911415942,0.11832166301252,0.132867291575801,0.122972648533737,123.497314927975
lastofthemohicansthe,12689,39,976,0.124444140494706,0.128893171421819,0.117857515753438,0.120435490788686,0.126635650463519,0.114358752751737,0.136330995491901,0.131044282834195,94.2768433306126
lasttangoinparis,7982,33,1334,0.111750775041193,0.134445932575051,0.113118651783714,0.123585222916021,0.132516151135154,0.116986631139934,0.145058689778012,0.122537945630922,86.8236123975021
leavinglasvegas,9420,48,1138,0.113843734226381,0.134160767249819,0.114501615069909,0.12394308263904,0.13221463548665,0.116860217217594,0.141147585216303,0.123328362894304,107.879948019
leviathan,10526,160,1066,0.119634777022879,0.132603076720886,0.115024528159929,0.122526137914207,0.130312308949844,0.116893901757428,0.138022807473513,0.124982462001315,88.5290843134663
life,13531,56,1575,0.116466989431136,0.132731161294351,0.117319663558459,0.124111173186106,0.131164456864492,0.117056999445364,0.137463470935823,0.12368608528427,162.466382374364
lifeasahouse,13274,28,1971,0.116783664821733,0.130473663274774,0.118764164779837,0.124563479048867,0.130695378509311,0.115385733026028,0.136529704293329,0.12680421224612,126.562807951925
lifeofdavidgalethe,11578,51,1485,0.119573090488676,0.13064251709163,0.120024702573896,0.124216506300542,0.129107169671189,0.115603941102357,0.134000000966311,0.126832071805399,115.257554638407
limeythe,9926,26,1232,0.117922945885738,0.131455957782082,0.117699143184678,0.124804517043436,0.130060284642904,0.11499039747145,0.137616209983736,0.125450544005976,113.142101464648
littlenicky,9127,66,1396,0.115292150681361,0.134266717891098,0.113064289220126,0.122673993756133,0.132146686873569,0.117189519551177,0.141954389769062,0.123412252257475,98.6769750491637
livinginoblivion,9029,22,1348,0.112730504796402,0.133884262399906,0.114576572251828,0.12446488962137,0.13190874984007,0.117695151227258,0.142133775561549,0.122606094301618,95.4483250675371
logansrun,11452,189,1190,0.119347220106269,0.131020470963252,0.11248487656209,0.120600218503512,0.130319260369159,0.116080724734696,0.143016952020907,0.127130276740115,102.681863230415
lonestar,11547,57,1622,0.116641525846904,0.132172968884164,0.114043452722491,0.122239345758432,0.131265740972071,0.115944194644887,0.141748770087077,0.125944001083974,139.627012755656
longkissgoodnightthe,15156,66,1455,0.12245058692696,0.128283641764165,0.12182428725678,0.124597036871485,0.128113008365332,0.113948004304048,0.131380691777473,0.129402742733757,163.748555936553
lordofillusions,9987,43,1479,0.114303586967083,0.133556396828833,0.114898248311541,0.12258904377757,0.131138765617392,0.116607521934338,0.140760769928151,0.126145666635091,85.7857223054662
losersthe,10520,91,1536,0.115357577592042,0.13316131853302,0.114962617277395,0.12238054810259,0.13121849071339,0.11791009449372,0.140929573764457,0.124079779523387,89.2309785493148
losthighway,11784,64,1304,0.115833503942947,0.132840127861308,0.116715743721481,0.123179610969487,0.130687661886381,0.116634536207902,0.137539928109634,0.12656888730086,114.691396504891
lostintranslation,6779,35,801,0.11343489186524,0.134974677292101,0.113878634491394,0.123550468189077,0.133039153284741,0.116508320442052,0.141297348464968,0.123316505970426,69.4264115230009
loveandbasketball,10625,51,1633,0.113603517355697,0.131835128130811,0.116649898373816,0.123935617846775,0.131690601004787,0.1194911417638,0.137961871464562,0.124832224059751,120.480629411359
machete,7649,67,1136,0.11489753119211,0.132323857146368,0.115934486556019,0.123155949221094,0.130197002862261,0.117430396074135,0.141834697261179,0.124226079686835,54.3737610376381
machinegunpreacher,14249,74,1737,0.122901288944445,0.128379496122378,0.118682949067771,0.121632523271515,0.127456949421967,0.114071498586525,0.135584231756782,0.131291062828617,171.432113140669
magnolia,18818,130,2515,0.118355745340296,0.130620874678812,0.120253039810713,0.125613643296653,0.12994423658376,0.114657597249412,0.135312826147103,0.125242036893251,273.208884713825
majesticthethebijou,13926,64,1502,0.117648660781861,0.131165902985587,0.117869829881429,0.124002123592724,0.130198285754339,0.116006200889128,0.137560503030622,0.125548493084308,153.868828280844
majorleague,12297,56,1299,0.110782652243427,0.135365958022091,0.109866002437088,0.121636202349181,0.134303174402841,0.122315177598926,0.144033943347938,0.121696889598508,136.737429571049
manhattanmurdermystery,18650,24,2573,0.113672868383511,0.134368349488557,0.115914578697902,0.123703865541615,0.132001576658318,0.116203281779644,0.140956592141595,0.12317888730886,261.497782033064
manintheironmask,12941,58,1445,0.117972587993159,0.131633187319339,0.115806468885624,0.121417826926495,0.130030222509322,0.115110999825406,0.139410491413434,0.128618215127221,104.495838785987
marthamarcymaymarlene,6772,37,1121,0.112091106538427,0.133396349148126,0.11367104962696,0.123263016168843,0.130562864126681,0.115972503007212,0.146885995368918,0.124157116014833,62.3862684793523
matrixthe,11955,43,1613,0.11651003671545,0.133089574004008,0.115569680270009,0.122435197867,0.129420490567622,0.115435609112538,0.141366047574453,0.12617336388892,95.6424171499447
meanstreets,9594,109,1204,0.115112292371265,0.133336905834497,0.116110280949765,0.123676864435936,0.132114126676187,0.115605063647825,0.139203701071625,0.124840765012901,101.93731783755
meetjoeblack,14020,26,2160,0.119264049585807,0.129194616693184,0.122901022866233,0.127753430169603,0.128733021272868,0.114095239283538,0.133286444725586,0.124772175403182,192.587604964791
meninblack,12336,38,1350,0.115607956703866,0.135157933552258,0.112792695783819,0.122068172188827,0.131601673740224,0.118110769537532,0.140945250539853,0.123715547953621,105.014096559543
metro,13844,46,1767,0.115487104177885,0.132959039449382,0.114956302777828,0.122706976543571,0.130638372550689,0.117321168386589,0.140998962922085,0.124932073191971,144.557651446402
miamivice,10495,40,1167,0.120222135188883,0.130481911504361,0.118793319348778,0.124280376790794,0.129072502630034,0.115001500248478,0.136044181152551,0.126104073136121,89.1219791978378
midnightcowboy,11998,62,1199,0.116259972461887,0.133539417551135,0.116513961246271,0.123202075009386,0.131243276720921,0.116591645599011,0.136895302755947,0.125754348655443,102.656300111127
millerscrossing,13394,50,1495,0.118043077699169,0.131291736976587,0.118750930872333,0.124419354446603,0.129677985780936,0.114692383581589,0.136562387233694,0.126562143409088,143.031114302126
mimic,11159,33,1085,0.116685179920987,0.133835890868942,0.111285468853479,0.12083349389598,0.131262985039401,0.11811569588404,0.142811818691249,0.125169466845923,75.6417420565754
minorityreport,13300,58,1305,0.114776256595921,0.133126861146809,0.115599746107343,0.122375208824493,0.131149409778972,0.11782898387004,0.14081548381035,0.124328049866072,112.433975376137
missionimpossible,10876,35,1262,0.116534660289482,0.132908236600437,0.115902633315127,0.123401310177529,0.130253450891409,0.117171443492382,0.138195500049933,0.125632765183702,101.015711650055
missionimpossibleii,11315,42,1296,0.11696509902722,0.133316263703335,0.11384261014397,0.122344280395634,0.130770729548983,0.117775176468077,0.14110333346346,0.123882507249321,89.9646618954621
missiontomars,15175,24,1392,0.115324238085258,0.134904645685886,0.110818699931804,0.121472256314962,0.131787725542256,0.119546640435385,0.142535860182625,0.123609933821824,125.991518916919
moonstruck,10212,53,1315,0.112839957164344,0.134133807587657,0.112875181735378,0.1218870329441,0.133028782431763,0.116775810456537,0.143084625535815,0.125374802144407,111.161579406773
mrs.brown,8802,31,1118,0.120485650387237,0.130599035160424,0.121114809554186,0.12500467654339,0.127078048684026,0.113831257357009,0.133763296499085,0.128123225814644,73.7365157314374
mulhollanddrive,10587,59,1050,0.116734898159943,0.132230989749487,0.117807227739115,0.124159783804704,0.13050307095033,0.115164222941982,0.1381840412796,0.12521576537484,120.170001065087
mumford,12802,28,1492,0.117297847685241,0.131864139210802,0.118649960219652,0.125417959931437,0.129652058884968,0.114565565100838,0.138642463169461,0.123910005797601,171.54150715931
mummythe,13234,23,1336,0.116768290366409,0.13202535524086,0.114988232680686,0.120643819108644,0.129431780897839,0.118102668510449,0.140199551428535,0.127840301766578,105.175379587693
musicoftheheart,12364,63,1698,0.113472925144062,0.132103690048712,0.116023902096451,0.123383753151175,0.130600802063191,0.117216884687172,0.143393357871809,0.123804684937428,136.150325918316
mybestfriendswedding,13047,135,1927,0.118370287575166,0.132772630928926,0.118749917891659,0.125077574288082,0.129476815880668,0.11446328419358,0.13636481915078,0.124724670091139,141.202775448821
mymotherdreamsthesatansdisciplesinnewyork,3491,21,389,0.114325325236372,0.134207379648447,0.110912632524847,0.121309255877598,0.132730669947963,0.118678040653491,0.142784870579648,0.125051825531633,20.6761571019649
mysterymen,11338,87,1338,0.112798099569946,0.133583594694752,0.112181402908176,0.120994670063983,0.13250027083395,0.118717942985324,0.14421997430171,0.125004044642159,89.99798268288
naturalbornkillers,13438,64,1349,0.120892193585565,0.129758598737508,0.122390142366209,0.125380324489875,0.128361925288251,0.114249004631975,0.132026829280804,0.126940981619813,151.35621266824
nextfriday,7879,29,1293,0.1103011330569,0.1348473635445,0.113485630031424,0.123752846435447,0.133504995835264,0.118560554150406,0.143839088486015,0.121708388460044,84.0945570014767
nickoftime,10185,43,1301,0.117866396679117,0.131776249950147,0.117828649676758,0.12387522594196,0.129724150568227,0.116087819545842,0.138337858952078,0.124503648685871,109.238480093214
nightmareonelmstreeta,12984,54,1259,0.114638886028777,0.133173077824438,0.114200954981164,0.122358961489414,0.131875497669198,0.116840666165835,0.140280819909721,0.126631135931453,100.888360049206
nightmareonelmstreetthefinalchapter,12474,43,1201,0.115529833238402,0.13206403714145,0.114648890334669,0.121151704930387,0.130754801544697,0.116660288696652,0.141020338923674,0.12817010519007,108.750757420427
nottinghill,8252,38,1393,0.118522546766493,0.131030714602497,0.120012083052754,0.125953578178211,0.129429890539481,0.114080679008843,0.135799314597208,0.125171193254513,102.783302488356
nursebetty,14622,55,1896,0.117507626401532,0.132064511098046,0.118760585630736,0.124841197546273,0.129912193386324,0.114075066226912,0.137609814006767,0.125229005703411,184.99119804719
oneflewoverthecuckoosnest,12477,46,1601,0.114787344625596,0.133351629167381,0.114868377350474,0.123194378410258,0.131435332216455,0.119869926648886,0.139640175394868,0.122852836186083,141.16644304535
onlygodforgives,9733,25,1235,0.12041293528182,0.129625446044292,0.120343821580903,0.124517959926667,0.128922543555224,0.114132522945811,0.134399991961889,0.127644778703393,115.432273704767
outofsight,14096,56,2060,0.118989033335063,0.131703590349242,0.120207634263409,0.125408659730862,0.12990041053657,0.114423800549323,0.13469029514018,0.124676576095351,216.852740609168
panicroom,11736,13,1048,0.114261428502912,0.134208571364003,0.112488692747867,0.121657392713188,0.132580287214499,0.118884019966109,0.141301041780562,0.12461856571086,103.100433469061
patriotthe,15565,66,1555,0.120368958738323,0.130451031486869,0.118709350523511,0.119715667254878,0.12711314459538,0.115304477948306,0.137063667987981,0.131273701464751,126.365252092622
pearlharbor,17051,129,1756,0.12407213948892,0.129838345944144,0.118180237883096,0.121841999587867,0.12602402807716,0.114471814897296,0.134268078205777,0.131303355915739,173.562971961861
peepingtom,13194,53,1960,0.112971501026215,0.135772775625421,0.111084953612917,0.120778331588502,0.133843019121182,0.120351928662638,0.141246912325929,0.123950578037196,120.636936561348
peggysuegotmarried,12144,74,1585,0.111585769712513,0.133413209845152,0.114130579490468,0.123709306240465,0.13276829377792,0.116409229679968,0.144695260800145,0.123288350453369,130.020397497087
petsematary,14928,176,2182,0.113762401551685,0.132400131771727,0.113850517816804,0.123210806392171,0.132263640785203,0.118235779456581,0.141400596910679,0.124876125315151,154.012461699154
pi,7354,24,793,0.116017902382135,0.134661995306286,0.114253079892698,0.122824930961421,0.131450891233806,0.117401827876311,0.139714193421761,0.123675178925582,53.5590877859481
pianistthe,10530,77,1124,0.117254855067641,0.131645665489793,0.114540537848677,0.120771329996198,0.128745906086738,0.115066116820734,0.14273636491194,0.129239223778281,101.922192765246
pitchblack,9921,14,1339,0.116579972398455,0.132721463842585,0.114579198078349,0.121631734508277,0.129730146302844,0.117162943613684,0.140356364574756,0.127238176681049,83.1798271671003
platoon,15229,62,1282,0.114822342539751,0.134303340839136,0.111852838039699,0.121449476506255,0.132233908395021,0.118501929524682,0.141890254517308,0.124945909638147,151.982058202977
pleasantville,16085,64,1732,0.111269526405654,0.137116616180735,0.111437678187891,0.122186496137908,0.133534798868612,0.119181855507556,0.14339928635438,0.121873742357264,150.254975226781
pointbreak,15332,54,1170,0.115185489171477,0.133367571268862,0.113087165688934,0.122022347326464,0.131781868459898,0.119082701505305,0.140963521010201,0.124509335568861,117.928571440505
prettywoman,11220,46,1587,0.112131678739839,0.134776328785648,0.113867290949336,0.123740938402131,0.132437758690064,0.117429737179574,0.14347763126047,0.122138635992938,112.084915370287
prettywomanfinalscript,20677,73,2689,0.115599006292301,0.132423301830144,0.117537255668059,0.123539469988735,0.131134816143342,0.11674849883091,0.13822544071037,0.12479221053614,261.233794755015
programthe,13278,66,1369,0.109481129790197,0.135139266017315,0.110181827491005,0.122036789157834,0.13388984001661,0.122438530988013,0.145501597343794,0.121331019195232,153.84723107076
prometheus,13135,50,1188,0.119840035350887,0.133230327460317,0.112209851123307,0.119323702569887,0.129667539451071,0.11843646589449,0.140093746734829,0.127198331415212,70.7476858354547
prophecythe,12245,44,1386,0.115912869680364,0.130925724760675,0.114897652786868,0.121704176073595,0.130000381799384,0.116034973479776,0.142346431478237,0.128177789941102,98.9030440240787
psycho,14446,32,1080,0.115531397638566,0.131626373448609,0.116759050634321,0.123823107309887,0.130937144157161,0.116404942953633,0.139197317696483,0.12572066616134,181.326976171479
pulpfiction,13399,45,1618,0.117119889770386,0.131679952117689,0.118494539725934,0.124729441686512,0.129995570262237,0.115149566704788,0.138187409544115,0.124643630188339,149.973518325713
punchdrunklove,7108,43,1198,0.119511160286627,0.129857053534891,0.122943962744985,0.127668208701053,0.129308107746684,0.113282977090739,0.133270096455608,0.124158433439414,94.9638372687912
quantumproject,2948,23,335,0.11790034485126,0.133811939750138,0.112757519033128,0.120963623005887,0.130331352851366,0.118183870661044,0.13895865526138,0.127092694585797,13.2395696493942
raisingarizona,12165,40,1242,0.118369906050799,0.130466180146257,0.119052237296561,0.123040320933371,0.129320975406211,0.116655759037228,0.135437009739476,0.127657611390097,100.275268906099
rambofirstbloodiithemission,13655,32,1255,0.123008991664769,0.129843021348667,0.116218475843561,0.120855276257565,0.128333597802387,0.117039643457333,0.135977395155361,0.128723598470357,80.3601856713873
rearwindow,18242,19,1960,0.116000141014023,0.13339540400341,0.115126158763368,0.121491022921099,0.131511604933939,0.117093883465625,0.138047361014545,0.127334423883991,203.583873135442
reindeergames,13683,34,1539,0.113093439182157,0.133546470126157,0.114264256319513,0.122709498145025,0.132178495780851,0.117824572689151,0.142760091083692,0.123623176673455,129.276361835324
relicthe,14832,49,1406,0.118865722533334,0.132142578318243,0.113946158596651,0.121096415677451,0.129903639761509,0.117160031978612,0.14076618108555,0.126119272048652,126.031488600734
residentevil,11625,46,1140,0.116037358280198,0.134287769955113,0.11043852803705,0.119767669711584,0.131083879054,0.119098988340648,0.143979455160502,0.125306351460904,77.4878951275905
ringu,8103,44,843,0.121133228411927,0.130203925500931,0.120238151203595,0.123540093285137,0.128450966865023,0.114121904010976,0.13333921862722,0.128972512095191,74.1040612273094
riseoftheguardians,14182,92,1668,0.117073876886969,0.134972091836182,0.112069457630647,0.12106686829465,0.131841319883452,0.117912507051971,0.14046992964071,0.12459394877542,108.62164331588
rko281,11701,52,1289,0.113521267578339,0.135116318929952,0.112682624523236,0.123079394581161,0.133212597271669,0.117906786566421,0.142506083435589,0.121974927113633,102.355973357899
rockthe,12949,119,1421,0.121626853075312,0.130500258384922,0.117877091943235,0.122257785055314,0.127560866200965,0.117290630884776,0.135390840006097,0.127495674449378,87.0151722454486
rocky,11893,50,1380,0.118998516007254,0.13433941272486,0.117019718925901,0.123378430433145,0.129702097595288,0.115391589403369,0.136061963275031,0.125108271635153,100.894281480334
ronin,13218,27,1140,0.119216086764669,0.131456328450787,0.117412552038691,0.123254561395502,0.129840874427129,0.11547896554814,0.13704491845754,0.126295712917542,143.902902677809
runawaybride,12740,49,1587,0.112770634797205,0.134112004599782,0.11500410378383,0.124475096034597,0.13201367841418,0.117011554932359,0.142573072014757,0.12203985542329,129.607995314072
rushhour,14419,57,1458,0.120077927458601,0.130919845988926,0.118538884519338,0.123072211466053,0.1271715646166,0.115716476912313,0.135608589342443,0.128894499695725,135.834760105811
rushhour2,9703,27,1205,0.115203462489614,0.133692207267004,0.115499333502752,0.122671740717391,0.132129179105713,0.117094561664944,0.14040682916476,0.123302686087821,88.5987925164822
saltonseathe,10946,40,1598,0.112586279502043,0.133796069486007,0.116120804372215,0.124587394155448,0.131218176116673,0.117747929231643,0.141618258726756,0.122325088409215,98.2577349329136
sandlotkidsthe,9741,101,1485,0.11048069008774,0.134791941574559,0.11229832366256,0.122385012426404,0.13203436449321,0.120607357138206,0.144270921342125,0.123131389275196,97.0699863082762
savingmr.banks,11353,124,1717,0.117051373406782,0.13159038491621,0.118032034318507,0.124028732325819,0.129692390872643,0.115698490894457,0.138443653006976,0.125462940258606,108.437170203117
savingprivateryan,11323,100,1346,0.114320158205495,0.135998862893575,0.114554680631063,0.121485590773243,0.130899577289713,0.117512887845628,0.140181609971284,0.125046632389999,107.159929718119
scream,11112,37,1524,0.115440993701494,0.132181580330479,0.115242567106767,0.122311134886643,0.131330033269706,0.116466623465986,0.140442621371802,0.126584445867123,91.6909427579741
scream2,10676,59,1300,0.114501649763373,0.133289752716669,0.114062354234723,0.122045260892194,0.131671950133323,0.116822723522812,0.142233231594976,0.125373077141929,87.6491857707222
se7en,18533,64,1766,0.116831219396957,0.131731853003139,0.116605164996735,0.122480321627948,0.129939250330803,0.11678220301081,0.138875847102161,0.126754140531447,187.187645829657
searchersthe,15807,41,1690,0.118416629677137,0.131359684155344,0.115983046111049,0.121747456079259,0.130295050156917,0.118241766184946,0.138234416947301,0.125721950688048,150.876732837659
senseandsensibility,13827,28,1862,0.117212566957757,0.131372274065353,0.117900566363487,0.123802624515435,0.128687832399849,0.114864800331615,0.138418527911387,0.127740807455117,127.97578319646
sexliesandvideotape,7580,11,1183,0.118503896118379,0.131066148858844,0.122175058574991,0.128189229115117,0.128685213423765,0.111390571155374,0.136883172683278,0.123106710070252,108.752784133518
shakespeareinlove,11214,72,1578,0.114523177882262,0.133293993409561,0.114392908443042,0.122446979231523,0.130811867211019,0.117619276350878,0.141046480653255,0.12586531681846,97.8121896547547
shampoo,11230,60,1857,0.114845538691648,0.132720891976568,0.118076050350889,0.125955363558207,0.131477698127335,0.114639117396866,0.139728534169652,0.122556805728836,142.980235282571
shawshankredemptionthe,14704,53,1535,0.119542899451721,0.131023698042618,0.119888269596545,0.124224126078242,0.128994767188863,0.115291419857065,0.13439049020362,0.126644329581326,170.04596896693
shivers,10134,28,589,0.116473326934721,0.132094379904329,0.114506592726319,0.121658392081775,0.131020098114615,0.116886504539998,0.14084150109203,0.126519204606212,76.5012627475565
shrekthethird,10943,113,1519,0.114237247132519,0.133324572201863,0.113008470554961,0.121483535986804,0.131595994085597,0.12013940297799,0.140004571261539,0.126206205798727,85.5196743828409
sideways,12635,37,1693,0.118853804769074,0.13417566492595,0.11414112814316,0.122872774446744,0.130966814364472,0.115592634141907,0.140135164680514,0.123262014528179,154.588143501772
signs,11858,25,1075,0.119675249045623,0.130819673949187,0.116210880958497,0.121736576102665,0.129523675731759,0.115846571102103,0.137110024962383,0.129077348147784,105.590126901349
silenceofthelambs,15739,42,1306,0.116476024002537,0.133046350718424,0.117378607691289,0.123545161395238,0.129722022638842,0.117006334455031,0.138393797036412,0.124431702062228,136.051597316628
silverbullet,13093,203,1756,0.117137597934259,0.131225680005883,0.116004815232671,0.122971857418823,0.130422642004846,0.116994326675466,0.138780000755877,0.126463079972175,117.658253570447
sisteract,13157,52,1716,0.114719219420727,0.132680983192242,0.115864208965059,0.123808736976818,0.131641226005385,0.115709454145975,0.141406060322104,0.124170110971688,118.244269343794
sixthsensethe,12025,40,1275,0.117689210246253,0.131110304642035,0.116806023343821,0.123018520903905,0.129516212464251,0.114773697911689,0.139331974056968,0.127754056431078,120.338217849076
sleepyhollow,13230,35,1472,0.119149135703777,0.129238067070367,0.116502088944819,0.12046610232975,0.128511781830496,0.116110893634012,0.138758382584387,0.131263547902393,119.862714400814
slingblade,10077,33,1097,0.116778600032728,0.131127527662074,0.119272373785346,0.126142158902841,0.129811028290193,0.113931149310053,0.139091833442487,0.123845328574278,160.032472925045
snowfallingoncedars,15001,127,2112,0.124687743572102,0.127744955554017,0.124325836184409,0.125543056289691,0.126500985782832,0.1116871537999,0.129963943966777,0.129546324850272,180.039869487233
soimarriedanaxemurderer,9837,56,1275,0.114739703845273,0.132955716517785,0.114919352225332,0.12330473161442,0.132180722228457,0.115981051327142,0.141276125905002,0.12464259633659,102.586670119928
solaris,5877,7,867,0.117440402968795,0.132338107899089,0.118175995089642,0.125481335026498,0.129435341858267,0.113268405409464,0.139333610464423,0.124526801283822,59.4526806387235
soldier,17084,35,1187,0.121688895695315,0.1310578119541,0.115488325977609,0.120250018011172,0.129623084675242,0.116855868067443,0.13654161020667,0.12849438541245,139.901445141295
someonetowatchoverme,10709,35,1322,0.114177047247076,0.133354182186725,0.115047965515958,0.123668207528161,0.13188484752461,0.11716994824119,0.1410230314694,0.123674770286881,97.524821677242
spareme,7802,209,1097,0.118189975811587,0.131267439268075,0.118671161011665,0.124321606710884,0.130056388700259,0.115172304879913,0.136567527093924,0.125753596523693,63.4236867722247
sphere,11445,17,2058,0.121416748663483,0.13034144776016,0.120811164724855,0.125098160643462,0.128156409921522,0.113249340188025,0.134696443221849,0.126230284876646,116.531536778869
spiderman,13108,47,1653,0.116124964305235,0.13317962126846,0.112941256179101,0.122286292153886,0.132118081672842,0.11867169203958,0.140613031230402,0.124065061150494,127.148367466999
starman,14458,50,1671,0.114944296144024,0.135028432951175,0.111967478388531,0.121253748828939,0.133939661580956,0.117537792583883,0.139027242460795,0.126301347061697,151.45449378756
starshiptroopers,12248,67,1754,0.115168037429019,0.133583235429768,0.114108230082691,0.12288892407634,0.13080427539784,0.117630246288144,0.142141308282652,0.123675743013546,118.927446196902
startrekiithewrathofkhan,9831,38,1571,0.120047044611816,0.132476732798142,0.116829898322536,0.122926127218743,0.128878361656733,0.11601489120683,0.137462100472655,0.125364843712546,71.0063468478641
startreknemesis,10732,36,1392,0.117574116415928,0.133010977019662,0.113375397902762,0.122445066988262,0.130098339938425,0.117663780315572,0.142550652420854,0.123281668998534,78.3929887569024
starwarsanewhope,17230,66,2202,0.12206048452148,0.131306742467073,0.114865558908712,0.120398682596636,0.131416291912817,0.116303566717476,0.135764354308842,0.127884318566964,153.234085753586
starwarsattackoftheclones,12820,132,1470,0.117314375977163,0.130756497600025,0.118038761631732,0.124536315076981,0.128230107537115,0.116184765505081,0.140214914597485,0.124724262074419,111.043131452092
starwarstheempirestrikesback,13934,50,1644,0.122883120585468,0.130529336288066,0.113823737740538,0.12004306883973,0.129188334611259,0.118491844246968,0.139032462379427,0.126008095308544,98.6328991917292
stateandmain,10081,50,1713,0.119612255341499,0.130756758342871,0.12056949585571,0.125161446020636,0.129801508851866,0.114349919429393,0.133918711824545,0.125829904333481,151.748977296273
stationwest,12083,32,1604,0.110994967549421,0.134542752551528,0.113148089380835,0.122950554909842,0.132951549903269,0.118425934020615,0.144676256649331,0.122309895035158,130.61227546095
stepmom,13507,31,2107,0.119536101496007,0.13037396607259,0.120736627789999,0.125914842379042,0.128877878996922,0.113046522519925,0.135738695914952,0.125775364830562,178.204926034569
stingthe,12156,46,1236,0.110947115406613,0.135438245441293,0.112129808919773,0.123079750347336,0.133078549899594,0.119528054828062,0.144942400633411,0.120856074523919,137.932638151366
storytelling,4178,35,751,0.112803668552292,0.132242580433349,0.115714970149771,0.125317450224889,0.130626637096572,0.114791761587039,0.145339950968194,0.123162980987895,37.9091094972561
strangedays,17470,51,1257,0.115943681258072,0.133938673619816,0.113496696809514,0.122683112581227,0.132058653981643,0.117105119456927,0.141252815603312,0.123521246689489,188.519169597235
sugarandspice,9207,52,1069,0.118062833509042,0.130067696412443,0.120243363895013,0.12439279221357,0.129348739745504,0.116754334697537,0.135094731963135,0.126035507563756,93.3225077146297
super8,13217,81,1504,0.116400077116116,0.133279564462413,0.115685674994479,0.122870421159065,0.130769968266018,0.116190392095665,0.139062810507376,0.125741091398868,135.835098056744
sweetsmellofsuccess,18236,45,1742,0.120012470958008,0.130172224836227,0.121621473639299,0.125963462937303,0.129605651291662,0.114693702026957,0.132484997832365,0.125446016478178,208.26634766772
swingers,8205,27,1216,0.113292195305203,0.134002812215384,0.117012220587775,0.125503270458667,0.132416651906229,0.116459778590397,0.139767839126466,0.12154523180988,81.2777174167268
takeshelter,10439,41,1125,0.118313035669806,0.131558466584651,0.114198985459613,0.122408371391757,0.131204618540934,0.117012809461384,0.13959210133198,0.125711611559875,91.2804823430015
takingsides,7656,32,825,0.124127735882788,0.127590564342776,0.125887426096675,0.127637981225615,0.126091122714522,0.111704150537027,0.130232917827505,0.126728101373093,95.4785843041353
talentedmr.ripleythe,10225,31,1241,0.116510930025885,0.132390502520527,0.118364082852707,0.125158711624254,0.130085056264416,0.114228404154586,0.138851899151505,0.124410413406119,105.346463176363
taxidriver,12919,44,985,0.118633933267781,0.131770798933558,0.117993024030918,0.124509189722637,0.130314577096371,0.114957276593326,0.136662478787856,0.125158721567553,127.704233174014
ted,13276,124,1678,0.112454761200771,0.136089813143678,0.111651538151885,0.122247687851606,0.134450210024126,0.119193095853132,0.141721364221858,0.122191529552942,137.86423139907
terminator,14455,55,1233,0.119736696528398,0.130653625304276,0.1144348128539,0.120498481551148,0.131623853649447,0.118161487364295,0.135540903396539,0.129350139351998,82.865857537371
terminator2judgementday,18092,44,1071,0.118320253590742,0.132291106401734,0.113049584342414,0.120590438910131,0.131766111006247,0.118963344495545,0.139115970126993,0.125903191126195,142.277515183825
thingthe,11314,15,1326,0.112951375623708,0.135755386921571,0.110536369401258,0.120584668321854,0.132556778839611,0.119363424311979,0.145192187619207,0.123059808960812,82.7461957988909
thirteendays,17410,62,1804,0.117708632478364,0.129142226174081,0.125539776113425,0.133593573514346,0.127023671035487,0.117195346104218,0.129770601198275,0.120026173381804,212.088686163565
threekings,13232,55,1744,0.118351810877529,0.130941930253502,0.118472979129504,0.121966184876254,0.128073790191333,0.116734375638097,0.138521953899346,0.126936975134434,116.784755169438
threekingsspoilsofwar,12340,18,1387,0.116808203020218,0.131505029293327,0.119001614677608,0.125319400393766,0.129966552501224,0.11475510900938,0.138501508199474,0.124142582905003,195.820180995229
thunderheart,15948,41,1286,0.11907444938646,0.131743237533952,0.116558295479417,0.122279048407989,0.12967346094752,0.116142127227121,0.137184056999925,0.127345324017616,160.587629774992
timemachinethe,11603,105,728,0.115053373267268,0.133215266158104,0.107789968626884,0.11920733136594,0.134312339676945,0.121222439012021,0.143013098371084,0.126186183521755,138.773161306404
tombstone,15530,64,1646,0.114087343881904,0.132599850803999,0.116736584858242,0.124527316973769,0.13056730188751,0.11713909359386,0.141056961952537,0.12328554604818,162.441811903085
tomorrowneverdies,17545,117,1768,0.121628862690698,0.130938995788393,0.117127438815188,0.12182889167194,0.128707787113424,0.119561075275854,0.13430172972045,0.125905218924053,142.440160916136
tosleepwithanger,12242,39,1196,0.115412517589764,0.131687196345036,0.115980000667393,0.122974639099266,0.130169449518449,0.114913588205762,0.141429103085643,0.127433505488687,151.032895776587
totalrecall,9929,69,1014,0.121730102799021,0.131387151042885,0.116093237410112,0.121295630442237,0.128759105603403,0.116004407178698,0.136623795722888,0.128106569800756,70.3985705700481
toystory,11052,54,1493,0.11256575729394,0.134801962921937,0.110617357324583,0.121428099577017,0.13352423803757,0.120738966455887,0.143492778926676,0.12283083946239,71.0068774169391
traffic,15480,98,1767,0.116958978158136,0.131810145388921,0.118327767553197,0.124038188423918,0.128184285994125,0.11508758850486,0.139920299400507,0.125672746576336,168.643318605217
tremors,12751,21,1322,0.112301214301788,0.134738897592677,0.11054183669652,0.121323091882718,0.130944432712515,0.119052360124472,0.147035592763819,0.124062573925492,107.79358631662
truelies,15798,55,1710,0.11562879619767,0.133148714645954,0.114468451426803,0.122377891790558,0.130748832757537,0.117453776428613,0.140759864547043,0.125413672205822,146.68273819796
unbreakable,12511,77,1216,0.115679974830087,0.133535206663578,0.111515374327619,0.120122674515913,0.131492755291008,0.118220975428755,0.142303285546328,0.127129753396711,115.396419383655
underfire,14256,63,1274,0.119599184607329,0.131899231812148,0.117476574300607,0.12226385256739,0.12909929190404,0.117118642101958,0.135230097466436,0.127313125240092,135.765438155337
upintheair,10373,105,1509,0.113092983727333,0.134077339533817,0.112646485920355,0.123403877170333,0.131792139748433,0.117100460903656,0.144673753369045,0.123212959627027,113.88643187286
uturn,12788,124,1537,0.112580852838169,0.133848546441061,0.115667041868093,0.124212901887872,0.131992970657022,0.115359795021052,0.143699632355844,0.122638258930888,167.873703243149
verdictthe,10760,41,1275,0.117548798122786,0.12985022750139,0.124823194721981,0.127433842271549,0.128821824728213,0.1145995465533,0.133403679565225,0.123518886535557,137.361498286878
verybadthings,9529,27,1403,0.119016836916674,0.13004851802597,0.121904717523099,0.125855606419651,0.129055384514111,0.113886170070558,0.134078643216031,0.126154123313905,101.074786796758
vforvendetta,12833,57,1877,0.12013129335375,0.130208172699343,0.11854943797911,0.123439232485835,0.128304117820525,0.114297160550891,0.13847856558493,0.126592019525615,112.51653261561
walkingtall,3321,41,629,0.118038560057029,0.129758434002008,0.120573126933746,0.123632164911318,0.129138812876901,0.115501325857902,0.135715292131069,0.127642283230027,28.4150119797258
wallstreet,15834,64,1436,0.111862904324206,0.135284297374339,0.114119226243589,0.124151012376486,0.132568413692658,0.118141282183005,0.14292299734893,0.120949866456786,181.184076971959
warhorse,12379,102,1319,0.114382034488281,0.133008881605489,0.113630872930609,0.121586722124875,0.130909459997255,0.118962118214203,0.142849348854132,0.124670561785156,109.543029975208
waroftheworlds,8446,34,1045,0.117779322344027,0.132172834935056,0.114060258629075,0.122332355350856,0.130446570573821,0.11560938747234,0.141502730437024,0.126096540257801,97.6744362213319
whatliesbeneath,9109,21,1491,0.114447994928409,0.133792950586566,0.115367672496231,0.12332976268083,0.131195186774411,0.115545826787225,0.141760377892677,0.124560227853652,80.34423291549
whenastrangercalls,9599,44,1105,0.11334176879373,0.132841543659278,0.114430667538554,0.122652605307251,0.132180810825816,0.118305606551188,0.141135855510026,0.125111141814158,94.1478436669646
whitesquall,14485,49,1835,0.11626163519108,0.131351500650782,0.117346316346751,0.12408270837549,0.129029161371598,0.117052383913992,0.139996043353577,0.124880250796729,137.848249850047
whosyourdaddy,11246,51,1438,0.113780840117229,0.133388565469173,0.115587017972812,0.123798161754975,0.130311565459277,0.115180883935888,0.143812035968983,0.124140929321662,100.919192987803
wildatheart,13528,48,1632,0.119484541606282,0.131130573599142,0.119414796600348,0.124513058479184,0.129821830123269,0.114537208014172,0.134864112806161,0.126233878771443,164.06699968177
winwin,9935,51,1783,0.108475827330092,0.1331683293687,0.114145300712714,0.124231056374784,0.133849716113904,0.122690225978241,0.143355301934911,0.120084242186653,111.945985901753
witness,11540,36,1154,0.112157869786776,0.135513909155334,0.112666385225719,0.121152964696943,0.131180384864417,0.118873709227418,0.145156328392023,0.12329844865137,112.366440847449
wonderboys,11779,41,1726,0.117040757691568,0.132353911437635,0.118304054412512,0.125203554906702,0.130442573898002,0.114718903891372,0.137058594264267,0.124877649497943,122.129399632812
worldisnotenoughthe,13288,32,1431,0.121387136253616,0.132241448948383,0.115475371458743,0.120174871410625,0.128365958572372,0.117511519364914,0.13736116493851,0.127482529052837,105.613328773871
xfilesfightthefuturethe,14284,43,1132,0.122315106071016,0.131505395157646,0.115920683738723,0.121744614341003,0.128807775714046,0.116035658255945,0.136012617066499,0.127658149655122,117.843961287501
xmen,14427,52,1189,0.120813428080307,0.131904106984876,0.112698066307695,0.120653968844334,0.129525702189696,0.1173069965122,0.139840197730993,0.127257533349899,116.252933770258
xxx,12526,25,1192,0.115949137197002,0.133967873456816,0.114059336893946,0.122533451168868,0.130990868396536,0.11732052206525,0.141790734894901,0.123388075926682,123.183613042001
youcancountonme,9278,20,1360,0.116482871872571,0.131743998080319,0.118459601335121,0.125803003016186,0.130148887060965,0.114418284553856,0.139071534004971,0.123871820076012,120.489983127143
