movie|tokenCount|characterCount|sectionCount|Action|Adventure|Animation|Biography|Comedy|Crime|Drama|Family|Fantasy|Film-Noir|History|Horror|Music|Musical|Mystery|Romance|Sci-Fi|Short|Sport|Thriller|War|Western|PC1|PC2|PC3|PC4|PC5|PC6|PC7|PC8|genreCount
10thingsihateaboutyou|9065|33|1559|0|0|0|0|1|0|0|0|0|0|0|0|0|0|0|1|0|0|0|0|0|0|-0.032321255825755|-0.0645903612790665|0.03332791340844|0.012375433099922|0.0116657230661125|0.00250524193881682|-0.0261536744983501|0.0487213207069323|2
12monkeys|15999|140|1610|0|0|0|0|0|0|1|0|0|0|0|0|0|0|0|0|1|0|0|1|0|0|0.0473852536685465|-0.00876955137208959|-0.000765745380785542|-0.0662039744329098|0.0680905036049528|-0.00824433625565379|0.055918719785113|-0.00334737297553415|3
1492conquestofparadise|11729|42|1277|0|1|0|0|0|0|1|0|0|0|0|0|0|0|0|0|0|0|0|0|0|0|0.075795509246994|0.0402837837423007|0.0386023721226541|-0.00307162429154735|-0.0414341572281694|-0.0200694637868026|0.0289470882701056|-0.0572376941484188|2
15minutes|12495|57|1515|1|0|0|0|0|1|0|0|0|0|0|0|0|0|0|0|0|0|0|1|0|0|0.00165576256198703|-0.0387635767793107|-0.0120188521262336|0.0201929782993233|0.0257291561305405|-0.0121923329586073|0.0625648060884688|-0.00467680781759838|3
30minutesorless|11804|24|1484|1|1|0|0|1|0|0|0|0|0|0|0|0|0|0|0|0|0|0|0|0|0|-0.0496441907374882|-0.0573118727923411|0.0318025439430654|-0.013074458174233|-0.00984092484632787|-0.0526430032292775|0.0411872082752687|0.0548665505216323|3
48hrs.|10414|43|1388|1|0|0|0|1|0|0|0|0|0|0|0|0|0|0|0|0|0|0|1|0|0|-0.0586494714285283|-0.050753155946807|0.00219100077991652|-0.0127473703117999|-0.0197311808591936|0.0155410932963399|0.0773468216654691|-0.068099694189397|3
5050|10773|45|1542|0|0|0|0|1|0|1|0|0|0|0|0|0|0|0|0|0|0|0|0|0|0|-0.0576072248950843|-0.0157577552778824|0.0630275327718726|-0.00729184797818746|0.0235719119690707|-0.0473626842156205|-0.0142713069553783|0.0527409072032985|2
8mm|17120|30|1589|0|0|0|0|0|0|0|0|0|0|0|0|0|0|1|0|0|0|0|1|0|0|-0.0217037138567943|-0.0134332311419205|-0.00824154648212353|0.0889968092849461|0.0585339761742195|-0.0889681962905721|-0.0307173371071764|-0.0650783742965611|2
abyssthe|15979|39|1463|1|1|0|0|0|0|0|0|0|0|0|0|0|0|0|0|1|0|0|1|0|0|-0.0487298403440981|0.053538484993689|0.00209204010910808|-0.141893353601975|-0.0566244069025367|0.0387917654571987|0.0156827491140837|-0.0683256622158561|4
afewgoodmen|13299|34|1857|0|0|0|0|0|1|1|0|0|0|0|0|0|0|1|0|0|0|0|1|0|0|0.178241887711899|-0.117785858168114|-0.031780194488006|0.0377248553880163|-0.0725427397696617|-0.0201724676912484|0.0782334145338302|0.011683336951755|4
affliction|8266|27|1049|0|0|0|0|0|0|1|0|0|0|0|0|0|0|0|0|0|0|0|0|0|0|-0.0019643810651363|-0.0575703313196065|0.0346499525569009|0.0220912670677121|0.0494089462913462|-0.0188712581757319|-0.00534304645840032|0.0537606493041619|1
airforceone|13917|91|1879|1|1|0|0|0|0|1|0|0|0|0|0|0|0|0|0|0|0|0|1|0|0|0.1646894570448|0.0269128196707816|-0.161172692778658|-0.0182461300224794|-0.136356425609475|0.0670341961266063|-0.180703027460593|-0.0644050277817484|4
airplane|10067|78|1625|0|0|0|0|1|0|0|0|0|0|0|0|0|0|0|1|0|0|0|0|0|0|0.043822065769608|0.107034758969783|-0.0595852229865033|0.00751203379981435|0.104941254100494|0.0674377909165236|-0.227374400375551|0.0444216858195977|2
airplane2thesequel|11858|131|1803|0|0|0|0|1|0|0|0|0|0|0|0|0|0|0|0|1|0|0|0|0|0|0.00458066420985676|-0.00256825133189983|-0.0181729649267413|-0.0267586811684514|-0.0394150861015451|-0.00635936198589544|0.00207003187417162|-0.00524473892182058|2
alien|11092|8|1523|1|0|0|0|0|0|0|0|0|0|0|1|0|0|0|0|1|0|0|1|0|0|-0.075639313439747|0.0079950319089479|-0.020546138194873|-0.0775780679997888|-0.0327619722997306|-0.100857996517331|-0.00271039025204499|-0.00668576483992361|4
aliennation|12820|60|1160|0|0|0|0|0|1|1|0|0|0|0|0|0|0|0|0|1|0|0|0|0|0|0.0345094075752523|0.0403113803269664|-0.0216934701602798|0.0221350587117699|-0.0021203190681175|0.0289073759938873|0.00543730273847405|-0.0621584521435431|3
aliens|14583|35|1395|1|0|0|0|0|0|0|0|0|0|0|1|0|0|0|0|1|0|0|1|0|0|0.00461699018227715|0.0548896657619423|-0.0127484904381341|-0.0865151967817553|-0.0589818306638925|0.0266340096046234|-0.0286586097360231|-0.0660038662689338|4
allabouteve|14242|25|1816|0|0|0|0|0|0|1|0|0|0|0|0|0|0|0|0|0|0|0|0|0|0|0.0616946264259313|-0.0689383239637274|-0.0315434290809599|0.0197742405124987|-0.0382667769651668|0.0769965069166352|-0.034950822444514|-0.00519817603754201|1
almostfamous|17441|73|1951|0|0|0|0|1|0|1|0|0|0|0|0|0|0|0|1|0|0|0|0|0|0|0.0129580514920983|-0.0166010851002065|-0.0165412090900005|-0.00365928573023616|0.0442112880254816|0.0321023010888036|-0.0184405925596135|0.110562652611056|3
amadeus|16703|58|1996|0|0|0|0|0|0|1|0|0|0|0|0|0|0|0|0|0|0|0|0|0|0|0.00279747027558547|-0.0135617908178595|0.0030384167560707|0.0198864615602443|0.0135717359757733|0.030954947594762|0.013730301142544|0.11500674270585|1
americanpie|10651|54|1633|0|0|0|0|1|0|0|0|0|0|0|0|0|0|0|0|0|0|0|0|0|0|-0.0437496986495235|-0.0470070068131787|0.00689056540408931|-0.0248339725771842|-0.0195985198921547|-0.0177886853986572|-0.0590936667710163|-0.0108770709846133|1
americansplendor|9932|46|1069|0|0|0|0|1|0|1|0|0|0|0|0|0|0|0|0|0|0|0|0|0|0|-0.0900954488726192|-0.013651468101193|0.0344783133459886|-0.00989896377442342|0.00752931936290429|-0.0424916780912593|-0.0230559629422699|-0.0107516640608236|2
americanwerewolfinlondon|8404|38|1270|0|0|0|0|1|0|0|0|0|0|0|1|0|0|0|1|0|0|0|0|0|0|0.0364934625114376|0.00742466251473928|0.0200831519089457|0.0389863333405334|0.0565081159534754|-0.0465478468977771|-0.0214161399865783|6.35808025326727e-05|3
amour|6508|16|802|0|0|0|0|0|0|1|0|0|0|0|0|0|0|0|1|0|0|0|0|0|0|0.0175685650311458|-0.0262800500085874|-0.00292304455065682|0.0224599326890451|-0.0198799852980284|0.0858279219068736|-0.0192673909558149|0.0522653247564703|2
anastasia|10353|50|1139|0|0|1|0|0|0|0|1|0|0|0|0|0|1|0|0|0|0|0|0|0|0|-0.0161967510527918|0.0347252673370924|0.0403046068170085|-0.0202828192129601|0.038355915366161|0.0265665958533728|-0.00494239239264638|0.0529064329246408|3
annakarenina|13109|76|1794|0|0|0|0|0|0|1|0|0|0|0|0|0|0|0|0|0|0|0|0|0|0|-0.00945163338132588|-0.0126027236232133|0.00402063700745287|0.0321856171207366|-0.0115528702882628|0.061596589438666|-0.00137187250497868|-0.00902735889687951|1
anniversarypartythe|8199|34|1376|0|0|0|0|0|0|1|0|0|0|0|0|0|0|0|0|0|0|0|0|0|0|-0.0518209001190227|-0.0516786403228802|0.0293016232418379|-0.0465652317371492|0.0191318704404501|0.066221147641905|-0.023187439299815|-0.0729065672814648|1
antitrust|13047|57|1632|0|0|0|0|0|1|1|0|0|0|0|0|0|0|0|0|0|0|0|1|0|0|0.0349602789764078|-0.0473381002466286|-0.0108993859816053|-0.0682164123987045|0.0122673386403316|-0.0984133361503924|0.00450077901295377|-0.00245344060568882|3
apartmentthe|14289|36|1711|0|0|0|0|1|0|0|0|0|0|0|0|0|0|0|0|0|0|0|0|0|0|-0.0314142492840416|-0.0476234243780065|-0.0289848596982183|0.021267070898623|-0.00953509169127885|0.0203024353801982|0.00112990231586865|0.0502630590633762|1
apocalypsenow|14666|43|1441|1|0|0|0|0|0|1|0|0|0|0|0|0|0|0|0|0|0|0|0|1|0|0.0467415923288191|0.0642989132436551|0.00109240807885844|-0.0332686957186789|-0.0438258098102635|-0.0529460369520364|0.041386832261137|-0.0562916221616518|3
aptpupil|14483|27|1492|0|0|0|0|0|0|1|0|0|0|0|0|0|0|0|0|0|0|0|1|0|0|-0.0273518929929183|-0.0155971791274621|0.0648046200983852|0.0056031040964752|-0.0245114556113535|0.0100225510582677|-0.0321407835657906|-0.00674068037889473|2
arcade|11185|29|954|0|0|0|0|0|0|0|0|0|0|0|0|0|0|0|0|1|0|0|0|0|0|-0.0498088119499576|0.0462339824303599|-0.100167628595134|-0.0102005981231118|-0.052148441621838|0.0102629765965359|-0.0690926642860527|0.0479586908133835|1
arcticblue|13704|21|1306|1|0|0|0|0|0|0|0|0|0|0|0|0|0|0|0|0|0|0|1|0|0|-0.0255671019143162|0.0649552577464053|-0.0239142839000254|-0.0170869334307272|-0.0097545613283295|0.084496082591987|-0.0324898850504722|-0.00919515412784264|2
armyofdarkness|7635|38|535|1|1|0|0|1|0|0|0|1|0|0|1|0|0|0|0|0|0|0|0|0|0|0.0297159976862099|0.151920166789884|-0.0567864605007962|-0.00146411342856211|-0.0140789974607942|-0.0392501675254399|0.0397779532435784|-0.116475559340021|5
arthur|10964|50|1565|0|0|0|0|1|0|0|0|0|0|0|0|0|0|0|0|0|0|0|0|0|0|0.0333725327804217|-0.00644749855267896|0.0272058342743597|0.00337114826694595|0.0330465693489926|0.0400899434748857|-0.0125198666808395|0.0548412321860159|1
asgoodasitgets|10416|42|1300|0|0|0|0|1|0|1|0|0|0|0|0|0|0|0|1|0|0|0|0|0|0|0.00892729450670415|-0.0616650708321138|0.0109880384069403|-0.0223346318673851|0.00562088228830285|0.0211215785345339|0.0216633064598523|0.0546287266319244|3
assignmentthe|16270|49|1357|0|0|0|0|0|0|0|0|0|0|0|0|0|0|0|0|0|0|0|1|0|0|0.0155966297743777|0.00393414407563428|0.00628318178872231|0.00864950708679839|0.0256571379755593|-0.0210651893616677|0.0226857002877995|-0.0630317299803132|1
austinpowersinternationalmanofmystery|10000|70|1280|1|0|0|0|1|0|0|0|0|0|0|0|0|0|0|0|0|0|0|0|0|0|0.00821698992476928|-0.000577125126622972|-0.0405846095418717|-0.079860050089142|-0.0521215165596587|0.0406228171784364|0.0638611541386215|-0.00427847994027432|2
austinpowersthespywhoshaggedme|8982|66|1196|1|0|0|0|1|0|0|0|0|0|0|0|0|0|0|0|0|0|0|0|0|0|0.00373497073475563|-0.0296359797584745|-0.0664260933429907|-0.0987221998811051|0.0438825241070628|-0.0136819306587559|0.0479889203721908|0.11339714304784|2
autumninnewyork|12186|43|1515|0|0|0|0|0|0|1|0|0|0|0|0|0|0|0|1|0|0|0|0|0|0|-0.0249059242557675|-0.0250321425461339|0.0113669432462391|-0.0609082660725102|0.0695994501626349|0.00948498779853528|0.00079635665116215|-0.0105941697078759|2
avengersthe|12421|34|1518|1|1|0|0|0|0|0|0|0|0|0|0|0|0|0|0|0|0|0|0|0|0|0.0915436580598633|0.0727598867858326|-0.0509226362899546|-0.0617789479451163|0.0427674557213842|0.0371480758793568|-0.0252842783664218|-0.001907858908316|2
avengersthe2012|12528|38|1394|1|1|0|0|0|0|0|0|0|0|0|0|0|0|0|0|1|0|0|0|0|0|-0.0336118367965742|0.047920860170985|0.0433989365053185|-0.101736728819489|-0.062798393263962|-0.0772929077442493|-0.00311262246638303|-0.00449469180341086|3
bachelorparty|11054|64|1480|0|0|0|0|1|0|0|0|0|0|0|0|0|0|0|0|0|0|0|0|0|0|-0.105581672223584|-0.0618392357403391|-0.0177682565582565|-0.016498919865436|0.0725763042366961|-0.0110298488779646|0.0322584051196847|-0.0744816702165688|1
backdraft|13697|48|1655|1|0|0|0|0|0|1|0|0|0|0|0|0|0|1|0|0|0|0|1|0|0|-0.0280891428529342|0.0327403653455169|0.0630163606610405|0.0258578184736868|0.0314555697490462|-0.0141712970106766|-0.0821543515791261|-0.0690214979295262|4
badcountry|12373|69|1458|1|0|0|0|0|1|1|0|0|0|0|0|0|0|0|0|0|0|0|0|0|0|0.0238211440952652|0.0339304274723919|0.0207242986197485|0.108718149061488|-0.0165991020209732|0.0350197284343474|-5.34906809693356e-05|-0.000498195957884556|3
badlieutenant|7712|40|461|0|0|0|0|0|1|1|0|0|0|0|0|0|0|0|0|0|0|0|0|0|0|-0.128140261163706|-0.0208258960995012|0.0291479101611795|0.0712299361124145|-0.0608347644085535|-0.0134097886271254|0.0487833832471351|-0.00895153284135167|2
badsanta|8121|42|1105|0|0|0|0|1|1|0|0|0|0|0|0|0|0|0|0|0|0|0|0|0|0|-0.025063933221331|-0.00807410802046599|0.033671219643254|0.0237098336598447|-0.0720510186617527|0.0224112592444599|0.0451169699819105|0.117612334294522|2
bamboozled|11601|73|1735|0|0|0|0|1|0|1|0|0|0|0|0|0|0|0|0|0|0|0|0|0|0|-0.0472099595101977|-0.0504025338672296|-0.021411430410821|-0.0592833321311846|0.0588883355633039|0.0122944835094264|0.00803226245484773|0.0479888160938578|2
barrylyndon|15368|62|1458|0|0|0|0|0|0|1|0|0|0|0|0|0|0|0|1|0|0|0|0|1|0|0.0548705915896246|-0.00539299584110098|0.0355507055193051|7.13597760884781e-05|0.0997240531201846|-0.239877132561798|-0.0813783235890228|0.00418661360942195|3
basicinstinct|9309|33|1469|0|0|0|0|0|1|0|0|0|0|0|0|0|0|1|0|0|0|0|1|0|0|0.0493228890759639|-0.0397176285768494|-0.0139125828759067|0.0363048609159851|0.0681628346240221|-0.0281069308381321|0.0504709609153841|-0.0608963356754158|3
battleofshakerheightsthe|9078|38|1497|0|0|0|0|1|0|1|0|0|0|0|0|0|0|0|1|0|0|0|0|0|0|-0.0679596882206905|-0.0523861322329916|0.0160758934923738|0.00212390554174974|-0.0300424546382452|0.00894422111252685|0.0091899635562412|-0.0084002566746622|3
beavisandbuttheaddoamerica|8707|64|1262|0|0|1|0|1|0|0|0|0|0|0|0|0|0|0|0|0|0|0|0|0|0|0.0135730092523774|-0.00130289109977299|-0.037205132835119|0.0178839609924173|0.0162432839789443|-0.0171001619274841|-0.0420725898234149|0.0550437341534473|2
beingjohnmalkovich|10071|50|1388|0|0|0|0|1|0|0|0|1|0|0|0|0|0|0|0|0|0|0|0|0|0|-0.0202827015041708|-0.0209646287701054|0.0238941025555543|-0.0397934271423958|0.0167218913289571|0.0275868834987738|-0.0123209981030682|0.0515937035375086|2
beingthere|12837|65|1561|0|0|0|0|1|0|1|0|0|0|0|0|0|0|0|0|0|0|0|0|0|0|-0.0102351492536228|-0.0899943843976193|-0.0656791387074432|-0.0130748234980838|-0.0948529844937594|0.0907224342801279|-0.167802519695493|-0.017362030947241|2
believerthe|10786|71|1422|0|0|0|0|0|0|1|0|0|0|0|0|0|0|0|0|0|0|0|0|0|0|0.101307127226806|-0.00940326710689323|0.072355758272784|-0.0141908973484555|0.0129953183064805|0.047418030105176|-0.00293055212833587|0.000347368851169172|1
bigbluethe|12536|34|1455|0|0|0|0|0|0|1|0|0|0|0|0|0|0|0|1|0|0|0|0|0|0|-0.00411615516494147|0.00726147658410187|0.0104200139402584|-0.029127967652737|-0.0182899433503414|-0.0560428602755503|-0.00659232672496406|0.055586883421799|2
bigfish|13045|48|1474|0|1|0|0|1|0|1|0|1|0|0|0|0|0|0|0|0|0|0|0|0|0|0.0168625972793054|0.0135643372851603|0.0759086462483808|0.027807260194442|0.0190937204405113|-0.0109332209716358|-0.0252321685058866|-0.0637468166451799|4
bigwhitethe|11488|35|1530|0|0|0|0|1|1|1|0|0|0|0|0|0|0|0|0|0|0|0|0|0|0|0.00923023818290783|-0.00754198835975619|0.0175873152510767|-0.00323094453672446|0.0277224584899809|0.0299590533260015|-0.0462802565449107|-0.0693619079483954|3
birdsthe|16421|34|1592|0|0|0|0|0|0|1|0|0|0|0|1|0|0|0|1|0|0|0|1|0|0|0.024971178479679|0.0423281711700068|0.0247753556317582|0.0895804500449509|-0.0385602141033554|0.000960698099191113|0.0633137455805592|0.0627424538686918|4
birthdaygirl|9023|22|1150|0|0|0|0|1|1|1|0|0|0|0|0|0|0|0|1|0|0|0|0|0|0|0.0975499642196993|-0.00322698054664726|-0.0797600198311806|0.000637616617754384|0.0162904754063206|-0.0433951069465595|0.0433202164404789|-0.0543717174747875|4
blackdahliathe|18020|72|2149|0|0|0|0|0|1|1|0|0|0|0|0|0|0|1|0|0|0|0|1|0|0|0.0553810377282244|-0.0258846949914832|-0.0102467067955132|0.0697592938719846|0.068975557765049|-0.0336670617060903|0.0361299657582846|0.00165783360019468|4
blackrain|11173|31|1171|1|0|0|0|0|1|1|0|0|0|0|0|0|0|0|0|0|0|0|0|0|0|0.0622016932024197|0.0141840810064575|-0.034757029669449|0.025605588982915|0.0535763039634226|-0.0214741790264348|0.053675530421477|0.000844674032282073|3
blacksnakemoan|11919|35|1329|0|0|0|0|0|0|1|0|0|0|0|0|0|0|0|0|0|0|0|0|0|0|0.0430011306784659|-0.0141623520090946|0.0360190960617088|-0.0284036962276415|0.0317527666933526|0.0179595216387842|0.000323372003201911|0.114418381763755|1
blade|12923|34|1096|1|0|0|0|0|0|0|0|0|0|0|1|0|0|0|0|1|0|0|0|0|0|-0.0161320102836908|0.0819866442807127|0.0190231773437813|0.00885412446201148|0.0104557755730938|-0.0197320571196349|0.0066809197482555|0.116762430678196|3
bladeii|12804|23|1000|1|0|0|0|0|0|0|0|0|0|0|1|0|0|0|0|0|0|0|1|0|0|0.0278226902579685|0.0836284066005002|-0.00769000987259081|-0.00633993882891321|-0.0525380252152192|0.024886816279367|0.00869799359114241|-0.000913685477188136|3
bladerunner|11485|33|1284|1|0|0|0|0|0|1|0|0|0|0|0|0|0|0|0|1|0|0|0|0|0|-0.0607498850327631|-0.00343630619581362|-0.0175665566054377|-0.00709347665446404|-0.0168015955472222|0.0464387813224089|-0.0154017581567457|-0.0107795201570376|3
bladetrinity|13178|57|1052|1|0|0|0|0|0|0|0|1|0|0|1|0|0|0|0|0|0|0|1|0|0|-0.00208502007111595|0.0959888162008103|-0.00664936999825851|0.0128621400948825|-0.0242556700446203|0.0147126630762486|-0.0276931096492034|0.0550708335967398|4
blastfromthepastthe|12121|54|1901|0|0|0|0|1|0|1|0|0|0|0|0|0|0|0|1|0|0|0|0|0|0|0.00613159710371674|-0.0220399786223485|0.0114699434665456|-0.00499918398861314|0.0193222996255097|0.0368773782573222|-0.00733732824060246|-0.0660268004038957|3
bloodsimple|10329|20|825|0|0|0|0|0|0|1|0|0|0|0|0|0|0|0|0|0|0|0|1|0|0|0.021693547743739|0.0309119639391011|-0.066208322675062|0.125984366889979|-0.0154173455459657|0.00320175454120492|-0.0231339692165686|-0.0029741187218737|2
blow|11384|67|1553|0|0|0|0|0|1|1|0|0|0|0|0|0|0|0|0|0|0|0|0|0|0|-0.0469294250824751|-0.0572335574402929|0.00685915529307233|-0.000743487473780278|0.0314721138770368|-0.0226240674808672|0.0116020670643773|-0.0668789369406236|2
bodyofevidence|10289|26|1264|0|0|0|0|0|0|0|0|0|0|0|0|0|0|0|1|0|0|0|1|0|0|0.064808689179435|-0.0680973028063694|0.0489892458048706|-0.00630200692993607|0.0404780773959322|-0.0302258691236976|0.00469416601902541|0.0595697627622645|2
bones|13795|35|1258|0|0|0|0|0|0|0|0|0|0|0|1|0|0|0|0|0|0|0|0|0|0|-0.0250233403386142|0.0388786642209735|-0.00414132562214135|0.0114762570750168|0.00821199368599277|-0.0308997042816437|-0.053814099241821|-0.00856572790672932|1
boondocksaintsthe|13185|50|1278|0|0|0|0|0|1|1|0|0|0|0|0|0|0|0|0|0|0|0|1|0|0|0.00538983421965187|-0.016362396269523|0.0282142816453992|0.0695924335069275|0.00445585023822867|-0.0164591291499408|0.0362670578070873|-0.0612418166689084|3
bottlerocket|9766|35|1693|0|0|0|0|1|1|0|0|0|0|0|0|0|0|0|0|0|0|0|0|0|0|-0.00902677114465238|-0.0633993879229135|-0.0186699589157358|0.0268482850400062|0.0181338379929282|-0.0116471230864605|0.000887420013243181|-0.00588875185535039|2
bound|9202|15|1637|0|0|0|0|0|1|1|0|0|0|0|0|0|0|0|0|0|0|0|1|0|0|-0.0130612276714801|-0.0699989373516186|0.061507275146602|0.00129772641551281|0.00645998055869932|-0.010942630171068|0.0273527966105949|-0.00698849915968641|3
bourneidentitythe|10515|56|1081|1|1|0|0|0|0|1|0|0|0|0|0|0|0|1|0|0|0|0|1|0|0|-0.0121117316265867|0.00602253249361473|0.0737677536871802|-0.00820556231067031|0.00941197219475399|-0.0531111164803231|-0.052146947249543|-0.00445739506199975|5
braveheart|13445|87|1250|1|0|0|0|0|0|1|0|0|0|0|0|0|0|0|0|0|0|0|0|1|0|0.0942915017682625|0.0785800995577194|0.0378373926562905|0.0215904953368157|0.0154473969758377|-0.0160273776865107|0.0288745239694584|0.00561178073755976|3
bringingoutthedead|9378|53|1131|0|0|0|0|0|0|1|0|0|0|0|0|0|0|0|0|0|0|0|0|0|0|0.0173799940739424|0.0184800313952985|0.0336526258907027|0.0134790388488185|0.0108878811807933|0.0597519741700081|-0.00429275062408522|-0.00604786732216902|1
broadcastnews|13876|69|1807|0|0|0|0|1|0|1|0|0|0|0|0|0|0|0|1|0|0|0|0|0|0|0.0334919263605174|-0.0380149075495276|0.00428290970479396|-0.0438503740781093|-0.0013381518881105|0.0791517478019238|-0.0238675132447851|0.109062736913873|3
buffythevampireslayer|11232|42|1427|1|0|0|0|1|0|0|0|0|0|0|1|0|0|0|0|0|0|0|0|0|0|-0.049083051769927|-0.00168142420349507|0.0307116110808569|-0.00646488279968477|-0.00340063504059441|0.0493740239160983|-0.0234264699502771|-0.0116753410326444|3
bulldurham|12234|51|1456|0|0|0|0|1|0|1|0|0|0|0|0|0|0|0|1|0|0|0|0|0|0|-0.0517863337758416|0.0150606942455803|-0.0785486310178174|0.080055149216689|0.00661899984658909|-0.000424351517643612|-0.0599839396058401|0.0504094911291412|3
butterflyeffectthe|12460|33|1482|0|0|0|0|0|0|1|0|1|0|0|0|0|0|0|0|0|0|0|1|0|0|-0.0215403940099588|0.000572182146339856|0.013064094235991|-0.0127288008392982|0.00148026818223162|-0.0243736551093997|-0.0151793410436791|-0.0677865498933605|3
capote|10733|47|1404|0|0|0|0|0|1|1|0|0|0|0|0|0|0|0|0|0|0|0|0|0|0|0.0615972915660829|0.0118084365431358|0.00392538517525431|0.0264637293988376|0.0645713842988939|0.0110647789753972|-0.00951674077373335|-0.062595290691879|2
cars2|11888|61|1707|1|1|1|0|0|0|0|0|0|0|0|0|0|0|0|0|0|0|0|0|0|0|-0.039676533878978|-0.00379409047251764|-0.0548847401156061|-0.077544422399998|0.0487554441476541|-0.0291189945090164|-0.0342461738144974|-0.0102772149008803|3
case39|12444|46|1376|0|0|0|0|0|0|0|0|0|0|0|1|0|0|1|0|0|0|0|1|0|0|0.0865026664814783|-0.0238099005130332|0.0374198931137427|0.0533453142694009|0.0116632429625582|0.0175530785115867|-0.0357365140712195|-0.000456143373629448|3
castaway|14271|42|1757|0|1|0|0|0|0|1|0|0|0|0|0|0|0|0|0|0|0|0|0|0|0|0.00329424461816324|0.0413625519142178|0.00426722357783821|-0.0339958515686821|-0.03221174746438|-0.0351758114594351|-0.0199517293931982|-0.00331415087862544|2
cedarrapids|12399|36|1408|0|0|0|0|1|0|0|0|0|0|0|0|0|0|0|0|0|0|0|0|0|0|0.065791102569462|-0.0768321900618818|-0.0449148198789486|0.0010516184374277|-0.0371933431647391|-0.0273195538467301|-0.0741145930586172|-0.00678702274371147|1
cellthe|11128|34|1190|0|0|0|0|0|0|0|0|0|0|0|1|0|0|0|0|1|0|0|1|0|0|-0.0116755047635753|0.0245953882474714|0.0935696521068788|-0.0976647823419937|-0.0214871160950436|-0.0559271372093381|0.0317834688789948|-0.00207765529761559|3
chasingamy|10785|39|1296|0|0|0|0|1|0|0|0|0|0|0|0|0|0|0|1|0|0|0|0|0|0|0.0160113575818718|-0.0712249798174725|-0.00199194609165625|-0.0110129954647162|0.0116574565775531|0.0295876849101965|0.0307761307686643|-0.0074751056882432|2
chinatown|11837|61|1574|0|0|0|0|0|1|0|0|0|0|0|0|0|0|1|0|0|0|0|1|0|0|0.0707004656649569|-0.0351734513595591|0.0131946715685095|-0.0167815719284824|0.00858601479029764|-0.00545605135916831|0.033477144914716|-0.059548630585877|3
ciderhouserulesthe|13330|40|1780|0|0|0|0|0|0|1|0|0|0|0|0|0|0|0|1|0|0|0|0|0|0|-0.0167761194433493|-0.011522946273279|0.00824157032832907|-0.0206344747206664|0.0551752532780461|-0.0215805255333199|-0.0358988523544319|0.0514866959952816|2
cincinnatikidthe|11832|43|1462|0|0|0|0|0|0|1|0|0|0|0|0|0|0|0|0|0|0|0|0|0|0|-0.0779256203404099|-0.0562846684424859|-0.0440139946170499|-0.0141381497898452|-0.0467496591716583|-0.0708724245087952|0.0090552508348074|-0.00867429682311096|1
cliffhanger|15788|26|1023|1|1|0|0|0|0|0|0|0|0|0|0|0|0|0|0|0|0|0|1|0|0|-0.0395242199624551|0.0524169644823625|-0.0391830717812682|-0.0251432621910445|-0.0706607375864792|0.0299892653848536|-0.0506558589682796|0.049710208258421|3
codeofsilence|9286|47|1101|1|0|0|0|0|0|1|0|0|0|0|0|0|0|0|0|0|0|0|0|0|0|0.0277367334937207|0.0307784352886006|0.0445690035077508|0.0712409424340564|-0.0346408070563415|-0.103873482121011|-0.0394472945278433|0.00302800339649346|2
coldmountain|14989|43|1579|0|0|0|0|0|0|1|0|0|0|0|0|0|0|0|1|0|0|0|0|1|0|0.0347286030350697|0.0222422173998023|0.0491984955728832|0.0251251718682987|-0.0166195473631782|-0.0212828171152653|0.0365183401947273|0.0638785188299894|3
colombiana|12971|46|1689|1|0|0|0|0|1|1|0|0|0|0|0|0|0|0|0|0|0|0|0|0|0|-0.0205969463645152|0.0106151603217713|0.00606911927017062|0.0347424491398278|0.0057766823130303|-0.0768695227416047|0.023496372586327|0.0580148298560997|3
conanthebarbarian|11163|36|982|1|1|0|0|0|0|0|0|1|0|0|0|0|0|0|0|0|0|0|0|0|0|0.0824304688368235|0.116661716103273|0.0933278721897749|0.0245298112402842|-0.0106337530191014|-0.0289542312298923|0.00241312914230386|0.0660723769663705|3
coolerthe|10388|37|1032|0|0|0|0|1|0|1|0|0|0|0|0|0|0|0|1|0|0|0|0|0|0|-0.0663700814844191|-0.0215112383460965|-0.0272348902361231|-0.0232251744119054|0.0158728684580678|0.0352310342870244|0.00562388727966865|-0.0120725140765423|3
copycat|14950|50|1175|0|0|0|0|0|1|0|0|0|0|0|1|0|0|1|0|0|0|0|1|0|0|-0.00153049494218646|-0.0201247894453669|0.0239458702731954|0.0266473482127264|0.0246611434075907|-0.00796875260602572|0.0752479105598107|-0.00184571385820502|4
crash|8801|17|518|0|0|0|0|0|0|1|0|0|0|0|0|0|0|0|1|0|0|0|1|0|0|0.00230456848701634|0.114458018131167|-0.10351649779526|0.08931189500214|0.0765401208408763|-0.00898284383927781|-0.177439217919915|0.04965188973939|3
croodsthe|8128|12|1146|0|1|1|0|1|0|0|0|0|0|0|0|0|0|0|0|0|0|0|0|0|0|-0.13018184946264|0.0218612811717654|0.0209236247556438|0.0327262909396754|0.0208018686202484|0.10905246079347|-0.0784757420049722|-0.0799231703735001|3
crouchingtigerhiddendragon|5981|39|878|1|1|0|0|0|0|1|0|1|0|0|0|0|0|0|1|0|0|0|0|0|0|-0.0172191661636474|0.00958050549817935|0.0837258920738533|0.041551707185654|-0.0353720634413062|-0.0134917357177407|0.00873317180774701|-0.0035096628646459|5
croupier|9700|39|1385|0|0|0|0|0|1|1|0|0|0|0|0|0|0|0|0|0|0|0|0|0|0|-0.0480639380140458|-0.0201126951526721|-0.0373989831317381|0.0152540986855851|0.0408491667961016|-0.0251926371711568|0.00846137726096717|-0.00755254847126297|2
crowsalvationthe|10893|38|1111|1|0|0|0|0|1|1|0|0|0|0|1|0|0|0|0|0|0|0|1|0|0|0.0686933764043244|0.0246868044061216|-0.0125946434185137|0.099070673721664|0.0140899427974278|-0.0164748183575769|0.0332900135244466|-0.116044979552053|5
crowthe|11437|39|1090|1|0|0|0|0|0|1|0|1|0|0|1|0|0|0|1|0|0|0|1|0|0|-0.00269736479856267|0.0808486821845949|-0.0974640074722654|0.0135986971400296|0.0419247251560314|0.0780800188747621|-0.0227763158472417|0.0511267455033036|6
cruelintentions|8196|23|1560|0|0|0|0|0|0|1|0|0|0|0|0|0|0|0|1|0|0|0|0|0|0|0.0134860891391504|-0.0651731262159433|0.0524422362449234|-0.00013756502983699|-0.000571303981312988|0.0374515624674521|-0.00914693338450026|0.0531763110626829|2
danceswithwolves|18761|53|1498|0|1|0|0|0|0|1|0|0|0|0|0|0|0|0|0|0|0|0|0|0|1|0.010403058949998|0.0678591143609689|0.0494983993289815|-0.0502730460259322|-0.00878804247853052|-0.0232216441519426|-0.046872608043094|-0.062933992463206|3
darkcity|13962|64|1228|0|0|0|0|0|0|0|0|0|0|0|0|0|0|1|0|1|0|0|1|0|0|0.00251309581964585|0.0631665361762788|-0.0157656668426784|-0.00985129715222404|0.0518627200305942|-0.0806782963209882|0.120114269348507|0.0630572606630452|3
darkknightrisesthe|15406|98|2235|1|0|0|0|0|1|0|0|0|0|0|0|0|0|0|0|0|0|0|1|0|0|0.0470656792308166|0.0678486209477223|0.0882118586431791|-0.00346502774265813|-0.0316228967513145|-0.0357676964062032|0.00874780661430934|0.00393614220846627|3
darkstar|3427|11|544|0|0|0|0|1|0|0|0|0|0|0|0|0|0|0|0|1|0|0|1|0|0|0.0391050081528899|0.062097569448924|-0.0672171957419636|-0.218090794373207|-0.0366278064232939|0.0246777010923603|0.129524379511793|0.00041644206718812|3
daytheclowncriedthe|16746|55|1428|0|0|0|0|0|0|1|0|0|0|0|0|0|0|0|0|0|0|0|0|0|0|-0.0227382890863798|0.00453809706807795|0.064415281570297|0.055308107099291|-0.0580102559434628|0.00966119783967502|0.125825008589406|0.00205001502278638|1
deadpoetssociety|9934|52|1560|0|0|0|0|0|0|1|0|0|0|0|0|0|0|0|0|0|0|0|0|0|0|0.00151418204285645|-0.0517784437796904|0.0507512038263972|0.0763967326981533|-0.0620910651731691|0.0508584987185952|0.0346986673230512|-0.0615976356263044|1
deepcover|10440|43|1341|1|0|0|0|0|1|0|0|0|0|0|0|0|0|0|0|0|0|0|1|0|0|-0.0152877291541641|-0.0631253101657243|0.0262264527807382|0.0164899990180678|0.0226138867794894|-0.0120913580290681|0.0543033509772167|-0.00377784773588324|3
deerhunterthe|15260|50|1454|0|0|0|0|0|0|1|0|0|0|0|0|0|0|0|0|0|0|0|0|1|0|-0.0115275495845696|0.00721646182854449|-0.0115049734133288|0.015709194918826|-0.00704478745818622|0.0114918523013594|0.00052924051497534|-0.00573417948251661|2
detroitrockcity|13563|61|1327|0|1|0|0|1|0|0|0|0|0|0|0|0|1|0|0|0|0|0|0|0|0|-0.00943417091869053|-0.0206643608075759|-0.038148729321349|0.00193728412138693|0.00296872273188285|-0.011429890191456|-0.00984832252526743|-0.00660959206173977|3
diehard|12633|71|1169|1|0|0|0|0|0|0|0|0|0|0|0|0|0|0|0|0|0|0|1|0|0|0.0454346074125683|0.00868236627967166|-0.0500970976313226|0.0207687119780343|-0.0197460815659996|0.0201370437359653|0.0622261274716102|-0.00141770876089755|2
dogdayafternoon|13496|64|1387|0|0|0|0|1|0|1|0|0|0|0|0|0|0|0|0|0|0|0|1|0|0|0.0539337159337395|-0.0410158466690611|-0.0232332128022486|-0.0432397778669699|-0.0240877129547447|0.0628258408200508|0.128616426508055|-0.0597545012560067|3
doorsthe|19495|117|1713|0|0|0|1|0|0|1|0|0|0|0|0|1|0|0|0|0|0|0|0|0|0|-0.0347684349897976|0.00645243853852866|0.00205082146006687|-0.00828324403837969|0.0834510201073885|0.0481575883708505|-0.03071008950628|0.0488602077913328|3
doubleindemnity|14262|30|1461|0|0|0|0|0|1|1|0|0|1|0|0|0|0|0|0|0|0|0|0|0|0|-0.0188639213997483|-0.0539916339729979|-0.00350939724353867|0.0272988111119731|-0.0232592029588328|0.0297147542399809|-0.00260565308000354|-0.00870264697640681|3
dropdeadgorgeous|9693|65|1240|0|0|0|0|1|0|0|0|0|0|0|0|0|0|0|0|0|0|0|0|0|0|0.0356235454666143|0.0152843737063587|-0.0453572204720083|0.00902855932314904|-0.0268656459924464|0.128157168432161|0.0136216095204674|-0.00698060736028944|1
easya|10149|30|1211|0|0|0|0|1|0|0|0|0|0|0|0|0|0|0|1|0|0|0|0|0|0|0.0886792937786743|-0.068887536660396|0.0625866084807302|-0.0244262498235941|0.0290471775858485|-0.0246772985448052|-0.0482240135968711|-0.00101803732568016|2
edtv|11689|115|1783|0|0|0|0|1|0|0|0|0|0|0|0|0|0|0|0|0|0|0|0|0|0|0.00212119225181718|-0.0503224778872938|0.00839896007855375|-0.0225129310636741|0.082508610601669|0.0983588425753918|-0.00167368781531656|-0.0712601452381995|1
election|12605|49|1411|0|0|0|0|1|0|0|0|0|0|0|0|0|0|0|0|0|0|0|0|0|0|-0.0561939319683898|-0.0486396552109614|0.0559708958308044|-0.00856467064176741|-0.0484017732883766|-0.0627932484447536|-0.0926450452515587|-0.0117988062040029|1
enemyofthestate|11225|78|1673|1|0|0|0|0|0|1|0|0|0|0|0|0|0|0|0|0|0|0|1|0|0|0.0633272364087469|-0.0486015348911286|-0.0237867393586417|-0.0123507924848789|0.0316862766270808|-0.0461923046415253|0.00282955194314313|-0.000213357400615334|3
englishpatientthe|15423|44|1640|0|0|0|0|0|0|1|0|0|0|0|0|0|0|0|1|0|0|0|0|0|0|0.0356846471658896|0.0278971565260318|0.0715803519785633|-0.0382884753006832|0.00807822416573412|-0.057691330765737|-0.0456337889436188|0.0573962440558993|2
eternalsunshineofthespotlessmind|11620|45|1711|0|0|0|0|0|0|1|0|0|0|0|0|0|0|0|1|1|0|0|0|0|0|0.0398189391320129|-0.055188529356296|0.0637936711786678|-0.0374486175987673|0.0573049106347198|0.024924164426157|-0.0215354503587443|0.05445985118412|3
evencowgirlsgettheblues|9531|48|744|0|0|0|0|1|0|1|0|0|0|0|0|0|0|0|1|0|0|0|0|0|0|0.00978585409212097|0.0204383694976774|0.0480006235969183|-0.0674061696752909|-0.0137514869950663|0.0209938370668884|-0.0243289594183157|-0.00512860624464827|3
eventhorizon|11764|16|1721|0|0|0|0|0|0|0|0|0|0|0|1|0|0|0|0|1|0|0|1|0|0|-0.0548753263600215|0.037874849791862|-0.110716597868325|0.0069338196923514|-0.0950117754651888|0.115775257182442|0.120772304271266|-0.0648077700970494|3
evildeadiideadbydawn|12317|21|822|1|0|0|0|1|0|0|0|1|0|0|1|0|0|0|0|0|0|0|0|0|0|0.0314989371981546|0.169694768427843|-0.187446447156639|0.211479457719896|0.112103290095468|-0.0799703602378122|0.195527990047304|0.0132040259836287|4
excalibur|13250|35|1277|0|1|0|0|0|0|1|0|1|0|0|0|0|0|0|0|0|0|0|0|0|0|-0.0235438921454874|0.102337335553952|0.0781697079128063|0.0345244101842564|-0.0688216543259232|-0.039094672035563|0.00959825341112806|-0.00118492092162863|3
fabulousbakerboysthe|13100|42|1981|0|0|0|0|0|0|1|0|0|0|0|0|0|0|0|1|0|0|0|0|0|0|-0.0137682368314735|-0.0212298084678437|-0.0696810948912232|-0.0098031312169999|0.0718954690152502|0.0309807382244973|0.0129652858552583|0.0496904890163785|2
faceoff|12213|47|1293|1|0|0|0|0|1|1|0|0|0|0|0|0|0|0|0|0|0|0|1|0|0|-0.0481036706400029|0.016176408626926|-0.00640145242330994|0.0920512732574142|-0.0185509518578466|-0.00465567552239718|-0.0299649031690088|0.0527304995630502|4
familymanthe|14059|34|1859|0|0|0|0|1|0|0|0|0|0|0|0|0|0|0|1|0|0|0|0|0|0|-0.065327700760467|-0.0402750805646986|-0.0522172474696447|0.00294513282316217|0.0439683866926613|-0.0298479002400573|0.0147053696420389|0.109583361482425|2
fantasticfour|14496|47|1699|1|1|0|0|0|0|0|0|1|0|0|0|0|0|0|0|1|0|0|0|0|0|-0.0473531351565465|0.0158857644562001|0.0197741535154691|-0.0738284596332073|-0.0120506248867239|0.00463732856369566|-0.0403793625222107|0.050135290110843|4
fargo|7981|43|1151|0|0|0|0|1|1|0|0|0|0|0|0|0|0|0|0|0|0|0|1|0|0|0.141801012830003|-0.0359671402026947|-0.0593809249321977|-0.0141053350333481|0.0190169555266244|0.0408249304807087|0.0300645295691037|-0.0574507089548887|3
fasttimesatridgemonthigh|11784|73|1542|0|0|0|0|1|0|1|0|0|0|0|0|0|0|0|0|0|0|0|0|0|0|-0.0197688332865366|-0.0381301987296609|-0.00263991266058903|0.00243238809159242|-0.035625779448317|0.0797254866163447|0.0342194973620743|-0.0072055240406726|2
fatalinstinct|14286|50|1523|0|0|0|0|1|1|0|0|0|0|0|0|0|0|0|0|0|0|0|1|0|0|-0.0210641788108254|-0.0239959228434078|-0.0211222085950068|0.0654511390660025|-0.0332396637633796|-0.0528611672521403|0.0437495815985213|-0.00180975884940269|3
faultinourstarsthe|11510|29|1623|0|0|0|0|0|0|1|0|0|0|0|0|0|0|0|1|0|0|0|0|0|0|0.0544774007611765|-0.0286405853423896|0.0393166960875862|-0.00984612786784366|0.0216679636055362|0.0508389280850322|-0.00972047379926221|0.0564237782017419|2
fearandloathinginlasvegas|11630|55|1314|0|0|0|0|1|0|1|0|0|0|0|0|0|0|0|0|0|0|0|0|0|0|0.0108902486086651|-0.0208038366715353|0.0208948298642046|-0.0154888507657874|0.00559112560050301|0.0349191511237138|-0.00519602583792493|0.115043079692178|2
feast|9317|31|1288|1|0|0|0|1|0|0|0|0|0|0|1|0|0|0|0|0|0|0|1|0|0|-0.0428590448259373|0.0170846470119813|-0.0360778400950134|0.0355704733323598|-0.0491290992568174|0.0248946970425806|0.012818625105905|-0.065871676826626|4
ferrisbuellersdayoff|11742|67|1756|0|0|0|0|1|0|0|0|0|0|0|0|0|0|0|0|0|0|0|0|0|0|-0.031795955444097|-0.0288514691234531|0.0454754176403075|0.0562806960039117|-0.0283671657158231|0.00441198493886229|-0.00867749484521033|0.113398217604368|1
fightclub|15141|70|2170|1|0|0|0|0|0|1|0|0|0|0|0|0|0|0|0|0|0|0|1|0|0|-0.00629003102227244|-0.0153060854870781|-0.0223624277767051|0.0191976530026008|0.0351195395343803|-0.00505439670842564|-0.0180371680860771|-0.00524658009403026|3
fiveeasypieces|8274|24|1233|0|0|0|0|0|0|1|0|0|0|0|0|0|0|0|0|0|0|0|0|0|0|-0.0191917551486401|-0.0123397669543775|0.00498169065782419|-0.00998456901830395|-0.0293897887668417|0.0176009280624323|-0.0410392482597297|-0.0101663516705774|1
forrestgump|11984|117|1806|0|0|0|0|1|0|1|0|0|0|0|0|0|0|0|0|0|0|0|0|0|0|0.0477688154426082|-0.0233934499554249|-0.00462725279230789|0.0365010081792462|-0.0369117631066295|0.00600797766083713|-0.0355744749016533|-0.063368994643512|2
fourrooms|11727|28|1341|0|0|0|0|1|0|1|0|0|0|0|0|0|0|0|0|0|0|0|0|0|0|0.0924602904305213|-0.0381193042959201|-0.0464053927036058|-0.00882636303909224|0.0740545363368546|0.0310255009518557|0.0343025044731094|-0.00048993126430103|2
frances|13267|79|1752|0|0|0|0|0|0|1|0|0|0|0|0|0|0|0|0|0|0|0|0|0|0|0.0263748437079863|-0.0276352828649415|0.0364819186634065|-0.0362159323053522|0.0224571951409361|0.00588735005058604|0.00590648532847873|-0.0027065823004038|1
frankenstein|16017|56|1336|0|0|0|0|0|0|1|0|1|0|0|1|0|0|0|1|1|0|0|0|0|0|0.0373847549217615|0.0923436021345086|0.100362404071504|0.0920083019011209|-0.0148581904553735|0.00767544160877595|-0.0892740468702377|-0.00184794886096714|5
freaked|11040|56|1234|0|0|0|0|1|0|0|0|0|0|0|0|0|0|0|0|1|0|0|0|0|0|-0.0364830092522133|-0.0262614257285264|-0.068966997431668|-0.0334506051582529|0.0234407663193919|-0.00623651621039709|0.0219254655220429|0.0501875522999965|2
freddyvs.jason|12960|51|1290|1|0|0|0|0|0|0|0|1|0|0|1|0|0|0|0|0|0|0|1|0|0|0.0872827080692687|0.0103373736836255|-0.0105902305167799|0.0408113827527643|-0.00817250488059196|0.0564115466999558|0.061502719630099|0.00250293996620276|4
frenchconnectionthe|10436|49|1091|1|0|0|0|0|1|0|0|0|0|0|0|0|0|0|0|0|0|0|1|0|0|-0.011913251280955|0.0258873028359186|-0.0659636248496054|0.0550667391085908|0.0249149630007509|-0.0726046962847526|0.0144464928788892|-0.00227829618561498|3
frequency|14640|51|1552|0|0|0|0|0|0|0|0|0|0|0|0|0|0|0|0|0|0|0|1|0|0|-0.0329055921651471|0.0247100023941072|-0.0674894206473439|0.135381571228172|0.0124152342683513|0.0102173585531138|0.0150798103137347|-0.0673910229250547|1
fridaythe13thpartviiijasontakesmanhattan|13045|35|1250|0|0|0|0|0|0|0|0|0|0|0|1|0|0|0|0|0|0|0|0|0|0|-0.0618401549601453|0.0852652234416153|-0.0700979005283376|0.0540666705144057|-0.0382703922661513|0.0214020507923194|-0.0453692696306363|-0.0690055577745125|1
fromdusktilldawn|11389|33|1049|1|0|0|0|1|0|0|0|0|0|0|1|0|0|0|0|0|0|0|1|0|0|0.106124932436035|-0.0293380662738829|-0.0235915279859389|0.023101671961328|0.0245769435651189|0.0203465450361935|0.0382234783308021|0.0628253484953023|4
fromheretoeternity|17692|66|1659|0|0|0|0|0|0|1|0|0|0|0|0|0|0|0|1|0|0|0|0|1|0|-0.0294275065390601|-0.0238823942289178|-0.038287329532739|0.0316382795930619|0.0205008888503039|-0.0439547807808874|0.0858274883016334|-0.00271260651529757|3
fugitivethe|13829|88|1653|1|1|0|0|0|0|0|0|0|0|0|0|0|0|1|0|0|0|0|1|0|0|0.0747729404269813|0.0706647926992508|-0.0120107203238377|0.0357799427905468|0.0484848382282066|-0.0234419460047981|0.0116210412177645|0.00189042801931834|4
g.i.jane|11423|55|1353|1|0|0|0|0|0|1|0|0|0|0|0|0|0|0|0|0|0|0|0|0|0|0.00373443944813155|-0.0600376444546807|0.0200365710550517|-0.0102302114780577|-0.0839448647207125|-0.0468653456425599|-0.00095822670475037|-0.00377298967892351|2
gandhi|24578|136|1958|0|0|0|0|0|0|1|0|0|0|0|0|0|0|0|0|0|0|0|0|0|0|0.0232737853168029|0.0377424533658845|0.0405851002837669|-0.0150051187709906|-0.0994953750212984|-0.0403881913017214|0.0397023403126328|0.0624515667638315|1
gangrelated|11811|66|1674|0|0|0|0|0|1|1|0|0|0|0|0|0|0|0|0|0|0|0|0|0|0|0.0038956309841569|-0.078683970676119|0.0292717815861937|0.0341684771158832|0.0196195252406882|-0.0983021540312113|0.0669859786492756|0.0602133636748842|2
getcarter|8141|32|1199|1|0|0|0|0|1|1|0|0|0|0|0|0|0|0|0|0|0|0|1|0|0|-0.0238684648119711|-0.00685119299522189|0.0249957845563906|0.0379556432293418|0.0306653150451055|-0.010831485023986|-0.0169296875052885|-0.0058247261357903|4
ghost|12899|33|1414|0|0|0|0|0|0|1|0|1|0|0|0|0|0|0|1|0|0|0|1|0|0|0.0882663738768952|-0.000424283267989177|0.0046736752642846|0.0119361356189629|0.0492505224714593|0.0731200167003988|0.0320874518351563|0.0598334380626011|4
ghostbusters2|11472|42|1374|1|1|0|0|1|0|0|0|0|0|0|0|0|0|0|0|1|0|0|0|0|0|-0.0609318676654681|-0.00723256869408744|-0.0163417398268657|-0.0226822501927277|-0.024404094736958|0.00685912875914122|0.0450802363530072|-0.00788232742204405|4
ghostship|13154|17|1526|1|1|0|0|0|0|0|0|0|0|0|1|0|0|0|0|1|0|0|1|0|0|0.0466408018478316|0.0518675337009849|-0.0329420251368605|-0.0295712706161756|-0.04191649049888|-0.0592810070860522|-0.0150947291131201|0.00242592519043129|5
ghostworld|10679|67|1648|0|0|0|0|1|0|1|0|0|0|0|0|0|0|0|0|0|0|0|0|0|0|-0.0703911241025696|-0.0615746108311326|0.0465588655680666|-0.0404274931690574|-0.000482619867698864|0.054229978583139|-0.0355371864269643|-0.0131317014579002|2
gladiator|12218|44|1223|1|0|0|0|0|0|1|0|0|0|0|0|0|0|0|0|0|0|0|0|0|0|0.0365964127754343|0.101079730506222|0.118209997003479|0.0678738867783531|-0.0405148787044127|0.0380093330753044|-0.0509641305542789|0.0597283439415424|2
godfather|16182|48|1664|0|0|0|0|0|1|1|0|0|0|0|0|0|0|0|0|0|0|0|0|0|0|0.0166224774739803|0.018234271107857|0.082901829813266|0.0660557011931864|0.00579451226148515|0.0440246399800805|-0.0292383077708487|-0.0622960330483401|2
godfatherpartii|20220|100|2039|0|0|0|0|0|1|1|0|0|0|0|0|0|0|0|0|0|0|0|0|0|0|0.0413439893735224|-0.00400355582723297|0.052871478409012|0.0509534606798919|0.0134592621900892|0.0318430263893165|-0.0109736968049675|-0.00169666323164312|2
godsandmonsters|11674|33|1637|0|0|0|0|0|0|1|0|0|0|0|0|0|0|0|0|0|0|0|0|0|0|-0.00625473860484305|-0.0179904818400217|0.0483398753127106|0.0481854864089245|0.0128383796934414|-0.00914125437200049|-0.00738484814646161|-0.00625068718090363|1
godzilla|14021|82|1509|1|0|0|0|0|0|0|0|0|0|0|0|0|0|0|0|1|0|0|1|0|0|0.0433028930926897|0.131235898480492|-0.000390556932319966|-0.136100577465039|-0.0127023416620717|0.0569116344958887|0.0261823268249644|-0.0644654816498166|3
gonein60seconds|13076|49|1842|1|0|0|0|0|1|0|0|0|0|0|0|0|0|0|0|0|0|0|0|0|0|-0.0706693698175659|-0.0164425990285961|-0.00369369171778973|0.0252572544552868|0.0494476277145706|-0.0295956099605666|-0.0378365726885662|-0.0119772333010024|2
goodwillhunting|11261|36|1680|0|0|0|0|1|0|1|0|0|0|0|0|0|0|0|0|0|0|0|0|0|0|-0.0429170283077997|-0.0718045674635728|0.0399654400565514|-0.0176029709105797|-0.023542005951191|0.00442650018712579|0.0139382190056223|-0.0692759576326693|2
graduatethe|11183|56|1900|0|0|0|0|1|0|1|0|0|0|0|0|0|0|0|1|0|0|0|0|0|0|0.0406595865029698|-0.041694963855621|-0.00146327237162005|0.0211451022197791|-0.022893010920725|0.0361902499090551|-0.0252983573220605|0.0542170203357164|3
greenmilethe|15320|39|1597|0|0|0|0|0|0|1|0|1|0|0|0|0|0|0|0|0|0|0|0|0|0|0.0089229868060917|-0.00915782247095219|-0.00784923862576034|-0.0149973012322931|-0.00639620080024019|0.0158543637092781|-0.022449867802436|-0.0079989164963719|2
griftersthe|11140|38|1359|0|0|0|0|0|1|1|0|0|0|0|0|0|0|0|0|0|0|0|0|0|0|-0.0445273976001614|-0.0365899051213755|0.0121849816682447|-0.0157913108281921|-0.0574723810352002|-0.0900205624949824|0.0193529304035147|-0.0646813937501645|2
grossepointblank|9689|47|1130|0|0|0|0|1|1|0|0|0|0|0|0|0|0|0|1|0|0|0|1|0|0|-0.00476970542801116|0.0271327850944626|0.0104541430415414|-0.00603920224336412|0.0141144678073485|0.0823713625553484|-0.0232554156062528|0.050210261946404|4
hackers|7382|60|1139|1|0|0|0|0|1|1|0|0|0|0|0|0|0|0|0|0|0|0|1|0|0|-0.0830752260112138|-0.0332699035323609|-0.0501066129571306|-0.076948558378498|-0.0630139881620123|0.0254034386781022|0.0785206446186985|0.109713813392068|4
halloweenthecurseofmichaelmyers|12473|34|1022|0|0|0|0|0|0|0|0|0|0|0|1|0|0|0|0|0|0|0|1|0|0|-0.0129778942167968|0.089012256523132|0.0422483942693873|0.0815397291102838|0.0291630084363511|0.036994846699182|-0.0056418703044077|-0.00553198417880132|2
hardrain|10347|19|1127|1|0|0|0|0|1|1|0|0|0|0|0|0|0|0|0|0|0|0|1|0|0|0.0302807926344015|0.0642580499987082|0.0617662787367765|-0.0136482052164709|-0.0888051496618354|0.012855536361685|0.0253644080413061|-0.000403328914153384|4
hauntingthe|14593|19|1305|0|0|0|0|0|0|0|0|0|0|0|1|0|0|1|0|0|0|0|1|0|0|-0.024062244508482|0.00993147392683195|0.0309344287238612|0.0158317446527239|-0.0172808510660699|-0.0174064791029595|-0.0305834815355535|-0.0650700908830148|3
hellboundhellraiserii|13460|23|896|0|0|0|0|0|0|0|0|0|0|0|1|0|0|0|0|0|0|0|1|0|0|-0.0437084402300726|0.0501079031522591|-0.0212401112557741|-0.0214652793051391|-0.0185199769258676|0.00267177479136554|0.0132024902917185|0.0515432552760573|2
hellraiser|8697|23|1261|0|0|0|0|0|0|0|0|0|0|0|1|0|0|0|0|0|0|0|0|0|0|-0.0650786801310959|0.0253860332453488|0.00954280470150677|0.0365284891208626|-0.0301538694944585|0.000394466116526407|-0.0748446714984064|-0.0114515203556083|1
hellraiser3hellonearth|11109|33|772|0|0|0|0|0|0|0|0|1|0|0|1|0|0|0|0|0|0|0|0|0|0|-0.0899785733500187|0.013425158657339|-0.00966488380509765|-0.0118255315569239|0.0883173703594228|-0.0543561292103971|-0.0226680254714207|0.0473141924954957|2
helpthe|15044|47|2144|0|0|0|0|0|0|1|0|0|0|0|0|0|0|0|0|0|0|0|0|0|0|0.0230735006264078|-0.0128093670746171|0.0572427731626862|0.0751670865210096|0.0213740593608758|0.0367006364293721|-0.0189034523122612|-0.00414376169145558|1
henryfool|12857|34|1644|0|0|0|0|1|0|1|0|0|0|0|0|0|0|0|0|0|0|0|0|0|0|-0.0483566452703538|-0.00279533381261354|0.00747431588653668|-0.0230355939043585|-0.0345793647314394|-0.0537968629781275|-0.0208516927166194|-0.0070474934195926|2
henryscrime|9420|36|1868|0|0|0|0|0|1|1|0|0|0|0|0|0|0|0|0|0|0|0|0|0|0|-0.0296551691015449|-0.0468890542272171|-0.0122410138857704|-0.0115980088050258|-0.00111049741831527|0.0477552604658463|0.019396950597373|-0.00936777165537333|2
hesher|11864|27|1416|0|0|0|0|0|0|1|0|0|0|0|0|0|0|0|0|0|0|0|0|0|0|0.0142782496705895|-0.0252853762630985|0.0274557988864078|0.0461619381781024|-0.0169551371367123|0.0387631374588135|-0.0436823759578819|-0.00716818068277925|1
highfidelity|12541|24|1488|0|0|0|0|1|0|1|0|0|0|0|0|1|0|0|1|0|0|0|0|0|0|-0.0141299349509386|-0.0681291526523595|0.00966863202298664|-0.0490169474420546|0.0477600874720733|0.0431174865684566|-0.0131645520921397|0.0477841593436387|4
highlander|9059|76|1342|1|0|0|0|0|0|0|0|1|0|0|0|0|0|0|0|0|0|0|0|0|0|-0.0481220151008253|0.0554991557224899|0.107619975570928|0.0620033059068403|0.0115325468224642|-0.0597250895299099|-0.0112805101657778|0.0584311054442329|2
hollowman|12694|14|1722|0|0|0|0|0|0|0|0|0|0|0|1|0|0|0|0|1|0|0|1|0|0|-0.0265510298641182|0.0369414234350637|0.0123643415952789|-0.032444713975451|0.0184766295577328|-0.0123890851363239|-0.0317695512705389|0.0514551222979962|3
hostage|12375|65|1681|1|0|0|0|0|1|1|0|0|0|0|0|0|0|0|0|0|0|0|1|0|0|0.0074917880327049|-0.0375115070759136|0.0218137046800817|0.0865000214844287|0.0203824380016321|-0.0103888758362894|-0.00311338079464269|0.057838623141738|4
houseof1000corpses|11089|33|1304|0|0|0|0|0|0|0|0|0|0|0|1|0|0|0|0|0|0|0|0|0|0|0.0377347281298028|-0.0301311782573006|-0.0305364458622594|0.0163208593534551|0.00832756478454922|0.000500582766913881|-0.0313974591197703|-0.00552115391252744|1
howtotrainyourdragon2|9756|22|1196|1|1|1|0|0|0|0|0|0|0|0|0|0|0|0|0|0|0|0|0|0|0|-0.0264033528900005|0.0558492567155829|-0.117790248108932|0.000992295404722245|-0.0851276636777312|0.00448804498358279|-0.0429781267459509|0.0533104669176806|3
hudsuckerproxythe|12976|93|1328|0|0|0|0|1|0|0|0|1|0|0|0|0|0|0|1|0|0|0|0|0|0|0.0642691819299899|-0.0288956419455681|-0.112430026798966|0.0151383533023618|-0.0318522189501922|0.0569128389486821|0.0134232475926084|-0.00332090824269366|3
humannature|10369|26|1215|0|0|0|0|1|0|0|0|0|0|0|0|0|0|0|0|0|0|0|0|0|0|-0.01699121188288|-0.0434952140546939|0.0650240536779963|-0.0372918506603594|0.0151143636391709|-0.0385330644192421|0.0311671426706418|-0.0046256292690341|1
iamsam|11696|47|1449|0|0|0|0|0|0|1|0|0|0|0|0|0|0|0|0|0|0|0|0|0|0|0.0757560885861301|-0.0468097851528576|-0.0228005833534098|0.00191405159750977|0.0258830700825135|0.0537112013556376|0.0165490854882294|-0.120847632544111|1
icestormthe|9931|42|1356|0|0|0|0|0|0|1|0|0|0|0|0|0|0|0|0|0|0|0|0|0|0|-0.0583213226729628|-0.0294357585152474|-0.00373081307473667|-0.00458042048349691|0.0174175784982208|0.0318707666804025|-0.0540986211616331|0.0471593769781779|1
illdoanything|12221|68|1459|0|0|0|0|1|0|1|0|0|0|0|0|0|0|0|0|0|0|0|0|0|0|0.0249006164936323|-0.0654800235635487|0.0253485473060077|-0.0421900638129484|0.00767237665630463|0.0550124981708551|-0.00523016046666275|-0.0682795011073364|2
independenceday|14476|102|1861|1|0|0|0|0|0|0|0|0|0|0|0|0|0|0|0|1|0|0|0|0|0|0.0894780733734113|-0.0353182862306078|-0.111484963241433|-0.102998703144241|-0.0724134850923222|0.0366362539511115|-0.178350509332507|-0.00866974365712751|2
indianajonesandtheraidersofthelostark|14351|30|947|1|1|0|0|0|0|0|0|0|0|0|0|0|0|0|0|0|0|0|0|0|0|-0.0159676529704389|0.0582137304366325|-0.0131108183441427|-0.0177525033880037|-0.0432827353810805|-0.0375565158827968|-0.0225611860712068|0.0566785469647866|2
indianajonesandthetempleofdoom|16770|20|1394|1|1|0|0|0|0|0|0|0|0|0|0|0|0|0|0|0|0|0|0|0|0|-0.0411466207372645|0.110260388202233|-0.0571145143018978|-0.00524094167052399|-0.00904243446908349|0.0208925016112381|-0.076647480847973|0.0508539600254908|2
indianajonesiv|20023|34|1094|1|1|0|0|0|0|0|0|0|0|0|0|0|0|0|0|0|0|0|0|0|0|0.0924197179866548|0.161262255774649|0.00996762498388896|0.0187715546716883|-0.132836194997479|0.0468632086585162|0.0424580621011726|0.129361748656462|2
insiderthe|13058|73|1596|0|0|0|0|0|0|1|0|0|0|0|0|0|0|0|0|0|0|0|1|0|0|0.0445719415490296|-0.0625673529636085|-0.0396784812994285|-0.00318953385344878|0.0269238685417259|0.0126456424265196|-0.00104213671037895|0.0541017674364916|2
insidious|11126|23|1228|0|0|0|0|0|0|0|0|0|0|0|1|0|0|0|0|0|0|0|1|0|0|-0.0531520607829549|0.0424790113128546|-0.00879697502855741|0.0434381498340822|0.0123064860213395|0.0286966780557373|-0.00455519951865279|-0.00927246710600958|2
insomnia|12615|35|1688|0|0|0|0|0|1|1|0|0|0|0|0|0|0|0|0|0|0|0|1|0|0|-0.0310885807077154|0.0106587391244017|-0.0160595744849481|0.0590789923269769|0.0118683226819394|-0.0446320760157352|0.0348415606926668|-0.0646988190980071|3
interviewwiththevampire|11128|29|1446|0|0|0|0|0|0|1|0|0|0|0|1|0|0|0|0|0|0|0|0|0|0|-0.0311967417104085|0.0492500807468076|0.0754929675892559|0.0297429479931126|0.0755603007929992|0.0935281191913744|-8.30409929364973e-05|-0.0691301388970752|2
intolerablecruelty|8306|56|1300|0|0|0|0|1|1|0|0|0|0|0|0|0|0|0|1|0|0|0|0|0|0|0.0537098142165252|-0.0458241896310762|0.0384063120585484|-0.0940181003880796|0.0331128300045305|0.0191663895951118|0.0750220927349983|-3.6236771757111e-05|3
invictus|14454|47|1508|0|0|0|0|0|0|1|0|0|0|0|0|0|0|0|0|0|0|0|0|0|0|0.00732579187194391|0.0243676558067387|-0.0457180230663558|0.027806391964441|-0.144846449019047|-0.0835646027866959|-0.141404249313682|0.0547566451747934|1
istillknowwhatyoudidlastsummer|10297|28|1330|0|0|0|0|0|0|0|0|0|0|0|1|0|0|1|0|0|0|0|1|0|0|-0.0274933034050717|0.0114409979679588|-0.00493325550509814|0.0041121116437507|0.0240429302678518|0.0257228522410573|-0.0339192915215558|0.051312261716885|3
italianjobthe|10518|38|1330|1|1|0|0|0|1|0|0|0|0|0|0|0|0|0|0|0|0|0|1|0|0|0.00100762456162167|-0.00310346509642005|-0.0490393836140572|-0.0430489793500191|0.0461183485757438|-0.0352725212934799|-0.0635439818424182|-0.00773622045481756|4
itsawonderfullife|16848|97|2204|0|0|0|0|0|0|1|1|1|0|0|0|0|0|0|1|0|0|0|0|0|0|-0.00805902638301983|-0.0199366814885388|0.0058678968071262|0.0686688440250817|0.0133588138115989|0.0254325996095833|0.0339055676844301|-0.00528304113305103|4
jacobsladder|17285|64|1561|0|0|0|0|0|0|1|0|0|0|0|0|0|0|0|0|0|0|0|1|0|0|0.0189254798420259|0.031218559298119|0.0545963141112416|-0.0511865093331575|0.052576076688789|0.030205833097915|-0.0120170805426053|-0.00735464737628279|2
janeeyre|13937|30|1661|0|0|0|0|0|0|1|0|0|0|0|0|0|0|0|1|0|0|0|0|0|0|0.0220046297410603|0.0376544608352517|0.0541330051395909|0.0806772560942336|-0.0319074489962415|0.0548155412445331|-0.020573603490276|-0.00275481458442497|2
jasonx|10670|39|1798|1|0|0|0|0|0|0|0|0|0|0|1|0|0|0|0|1|0|0|1|0|0|-0.0633667831392427|0.0332621190990814|0.00815202583960017|0.0151053050974917|-0.0665145641205329|0.0154602552372932|0.0338136278478614|-0.00700742528374629|4
jaws|14426|64|1124|0|1|0|0|0|0|0|0|0|0|0|1|0|0|0|0|0|0|0|1|0|0|-0.0119882257692542|0.0635504728164768|0.0419577793627577|-0.0392890945870231|-0.113736123932725|-0.0524687621721677|0.079127015274181|-0.0555022315385611|3
jaws2|12336|64|1536|0|1|0|0|0|0|0|0|0|0|0|1|0|0|0|0|0|0|0|1|0|0|-0.0348060371985525|0.0226829848255152|0.0473685908893913|0.00779421394454952|-0.106547410528032|0.0137867806561692|0.0369380495759462|-0.00405236966191738|3
jayandsilentbobstrikeback|11865|77|1498|0|1|0|0|1|0|0|0|0|0|0|0|0|0|0|0|0|0|0|0|0|0|0.0586968039106499|-0.118471412327192|-0.0958928821733523|0.0286729238812824|-0.00467502783299091|-0.0112919538572953|0.0715331387266329|0.0606187207635182|2
juno|9275|30|1279|0|0|0|0|1|0|1|0|0|0|0|0|0|0|0|1|0|0|0|0|0|0|-0.0409155063424716|-0.0616385659099917|0.0674179515207261|-0.0112514896376325|0.0222706684182095|-0.0342697645917418|-0.0369050950995615|-0.00929912250013524|3
jurassicparkiii|9784|26|971|1|1|0|0|0|0|0|0|0|0|0|1|0|0|0|0|1|0|0|1|0|0|-0.00163066467846629|0.0248169759221079|-0.00649610174374943|-0.0373711206670282|-0.0275463369073752|-0.0854353361805618|-0.0586774994561789|-0.0656195380274803|5
jurassicparkthelostworld|15771|34|1133|1|1|0|0|0|0|0|0|0|0|0|1|0|0|0|0|1|0|0|1|0|0|-0.00339829491353158|0.0567975007293996|-0.02789380576547|-0.0347096698894222|-0.0493717288315204|0.0356245320692047|-0.00155036453298707|0.0545344405050122|5
kalifornia|13852|31|1563|0|0|0|0|0|1|0|0|0|0|0|0|0|0|0|0|0|0|0|1|0|0|0.0321568567787951|0.0769436533532807|-0.057841481388451|-0.00723080329722657|0.0854639661687031|-0.00454805518109994|0.000992327849561555|0.0558913871377986|2
kateleopold|10541|34|1486|0|0|0|0|1|0|0|0|1|0|0|0|0|0|0|1|0|0|0|0|0|0|-0.013003514580125|-0.0110475390321189|0.00889371664702013|0.00334267656901468|0.0195014094297798|0.0389765713017677|0.0138016393223676|-0.00798435176321065|3
killingzoe|8830|23|1291|0|0|0|0|0|1|1|0|0|0|0|0|0|0|0|0|0|0|0|1|0|0|-0.0250076412096493|0.0206574415118254|0.0339053307112596|-0.0544956879037262|-0.0390327181781305|0.000529157091299369|0.0406979603209757|-0.00443600677990889|3
klute|12015|48|1249|0|0|0|0|0|1|1|0|0|0|0|0|0|0|1|0|0|0|0|1|0|0|0.0296673261564693|-0.0220425605377101|0.0173481595709846|-0.0142724048442825|0.0207660457986805|-0.0123184595141599|0.00969144042915987|-0.00304725283801101|4
kundun|12232|68|1280|0|0|0|0|0|0|1|0|0|0|0|0|0|0|0|0|0|0|0|0|0|0|0.0682778532205065|0.079222784039347|0.130218461880215|0.0282562831374571|-0.0460535039377828|0.00380284834772541|-0.00653807975327503|-0.0566124606441734|1
l.a.confidential|13057|63|1701|0|0|0|0|0|1|1|0|0|0|0|0|0|0|1|0|0|0|0|1|0|0|-0.0375276911782534|-0.0627617838773724|-0.00933722055109405|0.045459449377368|0.00753033280076182|-0.0516366021212343|0.0732248224621633|-0.00275624024501104|4
laboroflove|13841|66|1308|0|0|0|0|0|0|1|0|0|0|0|0|0|0|0|1|0|0|0|0|0|0|0.0350285758296242|0.0606355184963974|0.0556860471771474|-0.0137064775788026|0.0293342181961977|0.0112489680686846|-0.0226341266645173|-0.0624078197382073|2
ladykillersthe|11815|36|1388|0|0|0|0|1|1|0|0|0|0|0|0|0|0|0|0|0|0|0|0|0|0|0.0157584150661509|-0.00847290924435098|0.00687979161987956|0.0553012751471518|-0.0565717917046181|-0.0888183694201061|0.00919225522891603|0.0613894655535102|2
larrycrowne|9966|39|1380|0|0|0|0|1|0|1|0|0|0|0|0|0|0|0|1|0|0|0|0|0|0|0.0237123185781962|-0.0343211255825738|-0.0312916039192961|0.00542081358272158|-0.00779905132083639|0.0411644050643937|-0.00845583175887296|-0.00780238933270446|3
lastflightthe|10761|21|1490|0|0|0|0|0|0|1|0|0|0|0|0|0|0|0|0|0|0|0|0|0|0|0.07700187850213|-0.125342332092945|-0.0807012255405401|0.082238540290605|-0.292860339819664|-0.0430299496802415|-0.0549224196342597|0.00319737346221432|1
lastofthemohicansthe|12684|38|975|0|1|0|0|0|0|0|0|0|0|0|0|0|0|0|1|0|0|0|0|1|0|0.0704889452038071|0.103924767693956|0.0756330654219191|-0.0517950652152722|-0.0313452391600319|-0.00384638594510692|0.0489167397358128|0.0639703081851332|3
lasttangoinparis|7994|24|1326|0|0|0|0|0|0|1|0|0|0|0|0|0|0|0|1|0|0|0|0|0|0|-0.0727307655203096|-0.0370749017794405|0.0458509443755325|-0.0122572261113139|0.00531601714307509|0.0278978782378949|-0.0140434662812797|0.049440539341733|2
leavinglasvegas|9398|38|1136|0|0|0|0|0|0|1|0|0|0|0|0|0|0|0|1|0|0|0|0|0|0|-0.0390662452474545|-0.0330182705090973|-0.0131769895164262|-0.00838161957757166|0.0469159287196982|0.00917673252947884|-0.0363618713228507|-0.0114099737658508|2
leviathan|10751|27|1047|0|0|0|0|0|0|0|0|0|0|0|1|0|0|0|0|1|0|0|1|0|0|0.00437466601197145|0.0259777766666521|-0.048604966873786|-0.0968208147706617|0.0153290205946524|-0.00284006708178176|0.00259743525255819|-0.0663069885880289|3
life|13528|56|1575|0|0|0|0|1|0|1|0|0|0|0|0|0|0|0|0|0|0|0|0|0|0|0.00238481240512818|-0.0346898716668115|-0.0619831320859152|-0.00707917640288472|0.0141242805763621|-0.011908437216562|0.0444221147744212|0.0561415646912585|2
lifeasahouse|13270|28|1971|0|0|0|0|1|0|1|0|0|0|0|0|0|0|0|0|0|0|0|0|0|0|0.0277778028507126|-0.0239771831099368|0.000834788825221969|0.0787747616710921|0.0245937921444275|0.0827204588172468|-0.00835792078667972|-0.0666878122236709|2
lifeofdavidgalethe|11566|45|1485|0|0|0|0|0|1|1|0|0|0|0|0|0|0|0|0|0|0|0|1|0|0|0.0559386076135783|-0.0118826666165713|-0.0386361114026001|0.0281960447448634|0.010410695051484|-0.0192513180074626|0.0138968313314357|0.000511164062760714|3
limeythe|9915|26|1232|0|0|0|0|0|1|1|0|0|0|0|0|0|0|0|0|0|0|0|0|0|0|0.0208351579862279|-0.0233333110033679|0.00996177607494363|-0.0230414732443346|0.0200588704532088|0.0424612723288083|-0.0476562232062245|-0.00575760813938295|2
lincoln|13536|67|1196|0|0|0|0|0|0|1|0|0|0|1|0|0|0|0|0|0|0|0|0|0|0|0.163608728763253|-0.0345141077281544|-0.0488651995002354|-0.00988941394931565|-0.00585612997349957|-0.192413614436558|-0.0815336719658844|0.0689987008086684|2
littlenicky|9118|66|1396|0|0|0|0|1|0|0|0|1|0|0|1|0|0|0|0|0|0|0|0|0|0|-0.0445852039413206|-0.000630257334316565|-0.0135152397371574|-0.0643719327822429|0.0390615632431035|0.015211638532467|-0.00339894631853897|0.0474448485710109|3
livinginoblivion|9029|22|1348|0|0|0|0|1|0|1|0|0|0|0|0|0|0|0|0|0|0|0|0|0|0|-0.0487940038332351|-0.0469884504297276|-0.0105408663131407|0.00609084116371961|-0.0150199989191945|0.00644405917919434|-0.0501627294891558|0.0483819622415363|2
logansrun|11449|39|1187|1|1|0|0|0|0|0|0|0|0|0|0|0|0|0|0|1|0|0|0|0|0|-0.0190708363466847|0.0801557424500251|0.0795083562378193|-0.0958989119954189|-0.0316248675017231|0.123020221895608|0.0260164643529052|0.0519957412459854|3
lonestar|11545|56|1622|0|0|0|0|0|1|1|0|0|0|0|0|0|0|1|0|0|0|0|0|0|0|-0.0224269502901212|0.0247039032647488|0.0477073168419387|-0.0292318868092865|0.0203780996335183|0.0819908625956991|0.00547929268628568|-0.0122673877763531|3
longkissgoodnightthe|15155|66|1455|1|0|0|0|0|0|1|0|0|0|0|0|0|0|0|0|0|0|0|1|0|0|0.0996324773278147|0.00773361996684092|-0.0132916524771891|0.0428470297152881|0.0192309460504627|0.0588500236574628|-0.0146428518066069|-0.000380970487209616|3
lordofillusions|9982|43|1479|0|0|0|0|0|0|0|0|1|0|0|1|0|0|0|0|0|0|0|1|0|0|-0.0268541885747826|0.00311548675720908|0.0231266375960456|0.0564159000232185|0.0476181660114505|-0.0291356172005073|-0.0406181582850848|-0.00609277231598407|3
losersthe|10612|31|1507|1|1|0|0|0|1|0|0|0|0|0|0|0|0|1|0|0|0|0|1|0|0|-0.0285262608086778|-0.00128010269849786|-0.0175053167181854|-0.00636531625561558|-0.0217610264245397|-0.0173935549471202|0.0627058837170517|-0.00369121696819555|5
losthighway|11777|51|1303|0|0|0|0|0|0|1|0|0|0|0|1|0|0|1|0|0|0|0|1|0|0|0.00335082157316877|-0.00292588827508749|-0.022803416777241|0.0699185224863022|0.0524970656730187|-0.038757006732764|-0.0385986941085931|-0.06650472970388|4
lostintranslation|6773|35|801|0|0|0|0|1|0|1|0|0|0|0|0|0|0|0|1|0|0|0|0|0|0|-0.0469506596619722|-0.0305965722440645|-0.0162757958811951|-0.00870222982165418|0.102410438502286|0.00991294293026477|-0.0238342108917199|-0.0107766707840208|3
loveandbasketball|10625|51|1633|0|0|0|0|0|0|1|0|0|0|0|0|0|0|0|1|0|0|0|0|0|0|-0.0142915662503065|-0.028515212254191|-0.0853133464765153|0.125516884245778|-0.0529915475807159|0.0289914997601124|-0.00874603324498797|-0.0657511696349754|2
machete|7676|46|1131|1|0|0|0|0|0|0|0|0|0|0|0|0|0|0|0|0|0|0|1|0|0|-0.0259938886472588|-0.0159697061318266|0.0258282299581907|0.00749220402951248|-0.075367706438565|-0.018652527149737|0.0417405590670239|-0.00129960482765473|2
machinegunpreacher|14339|55|1703|1|0|0|0|0|1|0|0|0|0|0|0|0|0|0|0|0|0|0|0|0|0|0.0726351686179908|0.0780782871591299|0.0710212917512633|0.0145376121834458|-0.0101106768021162|0.0542315416265607|0.0104371158769472|0.00161733740840854|2
magnolia|18851|101|2483|0|0|0|0|0|0|1|0|0|0|0|0|0|0|0|0|0|0|0|0|0|0|0.0445121468613052|-0.0493943761954657|-0.0142472698002237|0.00685013513596942|0.0171426320386478|0.0421166066244987|0.0169365129609431|0.113782367900156|1
majesticthethebijou|13909|57|1501|0|0|0|0|0|0|1|0|0|0|0|0|0|0|0|1|0|0|0|0|0|0|0.0187000215651416|-0.0156577402751804|-0.0077774839492517|0.00524072698573516|-0.00816979633996076|0.0343654184156833|0.0218352720079549|-0.0657694555214704|2
majorleague|12293|56|1299|0|0|0|0|1|0|0|0|0|0|0|0|0|0|0|0|0|0|0|0|0|0|-0.101611635532034|0.00246669211400572|-0.115630693348037|0.0288704197028131|-0.0417873264365953|0.0235532562126624|-0.000398654884164096|-0.0138422896544859|1
manhattanmurdermystery|18538|21|2573|0|0|0|0|1|1|0|0|0|0|0|0|0|0|1|0|0|0|0|0|0|0|-0.0334869556417718|-0.0466344550425355|0.00243584400992835|0.00192872268089316|0.0590115643219068|-0.0388547376585206|0.049286939342156|-0.0665946321937244|3
manintheironmask|12941|58|1445|1|1|0|0|0|0|1|0|0|0|0|0|0|0|0|0|0|0|0|0|0|0|0.00829199522569575|0.0475993503266569|0.0621289055942033|0.0293231015172201|0.0514823148356098|0.0193178325246259|0.0147164168941623|-0.00218703816235986|3
marthamarcymaymarlene|6835|17|1097|0|0|0|0|0|0|1|0|0|0|0|0|0|0|0|0|0|0|0|1|0|0|-0.0673345442735711|-0.0208704354233124|0.136675019613352|0.000318088590881193|-0.056316906518447|0.00207212687317631|-0.036347546543247|0.0525158650618635|2
matrixthe|11955|42|1613|1|0|0|0|0|0|0|0|0|0|0|0|0|0|0|0|1|0|0|1|0|0|-0.0127255459804729|0.012946541665989|0.0719739771594475|-0.019858478988243|0.0107856326152925|-0.0674226122994336|-0.0177874306632931|-0.00269129557359446|3
meanstreets|9698|39|1189|0|0|0|0|0|1|1|0|0|0|0|0|0|0|0|0|0|0|0|0|0|0|-0.0139165868107507|-0.0268063256796932|-0.00372614218135713|0.0207841225606721|0.0930747145965319|0.0256303901067936|0.0136274668799823|0.0499414964372519|2
meetjoeblack|14020|24|2160|0|0|0|0|0|0|1|0|1|0|0|0|0|0|1|1|0|0|0|0|0|0|0.0743861833873541|-0.0851179419484705|-0.0194262170193082|0.00573044097852112|-0.0357893877189264|0.0532818778042435|-0.0247223902773969|0.0563652000464757|4
meninblack|12333|36|1348|1|0|0|0|1|0|0|0|0|0|0|0|0|0|0|0|1|0|0|0|0|0|-0.0422642728453202|0.013100792983632|-0.0491988567102399|-0.0590551455490976|0.0449277909589822|-0.0694973319584397|-0.0286498761011586|0.110151062006329|3
metro|13836|46|1767|1|0|0|0|0|0|1|0|0|0|0|0|0|0|0|0|0|0|0|1|0|0|-0.0243395672183395|0.00223366716987473|0.00756154278498925|-0.000629124316747512|-0.0186683229973282|-0.0194047873577865|-0.00183427287165945|-0.0063961966400981|3
miamivice|10481|40|1166|1|0|0|0|0|1|1|0|0|0|0|0|0|0|0|0|0|0|0|1|0|0|0.0449876160455143|-0.00590585321919587|-0.00162738363326057|-0.0441954833992399|-0.0084748031412487|0.0289341079443972|0.004092094273877|-0.00356668234842031|4
midnightcowboy|11998|62|1199|0|0|0|0|0|0|1|0|0|0|0|0|0|0|0|0|0|0|0|0|0|0|0.0031149810098624|-0.00786126631788859|-0.0521410595411057|0.0380335547875755|0.088863111469137|-0.0466995274427808|-0.0193237629691338|0.0542103339300743|1
millerscrossing|13394|44|1495|0|0|0|0|0|1|1|0|0|0|0|0|0|0|0|0|0|0|0|1|0|0|0.0330764041038631|-0.0184726847182762|0.0147022965478021|0.0191087098669903|0.0364782253718772|0.00882565373702678|-0.0247512942816377|-0.0653232602592515|3
mimic|11150|33|1085|0|0|0|0|0|0|0|0|0|0|0|1|0|0|0|0|1|0|0|1|0|0|-0.0472585834823178|0.056018849694327|-0.000946428544122838|-0.0745910138412116|0.00150506414280803|0.00675874331529676|-0.0255637835672487|-0.0103936122518609|3
minorityreport|13294|55|1304|1|0|0|0|0|1|1|0|0|0|0|0|0|0|1|0|1|0|0|1|0|0|-0.0276519921572261|-0.00825035716007209|-0.0123163450292585|0.0223834593457504|-0.0211830411520552|-0.0345197948917974|0.0832149135084117|-0.00176151618291904|6
missionimpossible|10871|33|1262|1|1|0|0|0|0|0|0|0|0|0|0|0|0|0|0|0|0|0|1|0|0|-0.00171168895172601|4.40321191858067e-05|-0.0317261903165067|0.0139831454075344|0.0125439966073475|-0.0409589761997564|-0.0688938175292745|-0.00684001982251633|3
missionimpossibleii|11290|40|1296|1|1|0|0|0|0|0|0|0|0|0|0|0|0|1|0|0|0|0|1|0|0|-0.0276369079440351|0.0145793106473202|-0.0210322382390567|-0.0787328857426455|-0.0251568249476932|-0.0135253258350886|0.0135676270775186|-0.0681992515299064|4
missiontomars|15170|24|1392|0|1|0|0|0|0|1|0|0|0|0|0|0|0|0|0|1|0|0|1|0|0|-0.0607963914662256|0.034980275331526|-0.0561954964617013|-0.0695122378275952|-0.00774341226035237|-0.0308772530431679|-0.0599138129487667|0.0483488810653179|4
moonstruck|10208|53|1314|0|0|0|0|1|0|1|0|0|0|0|0|0|0|0|1|0|0|0|0|0|0|-0.0571740531848817|0.00721494138595448|0.0319685503869059|0.0473922441001903|0.0806538578334549|0.0461151387983353|0.00655989961797223|-0.0102884612857603|3
mrs.brown|8797|31|1118|0|0|0|0|0|0|1|0|0|0|0|0|0|0|0|1|0|0|0|0|0|0|0.0739620179314252|-0.0130448670211737|0.02312083173193|0.017350831874598|0.013750580569683|-0.0872291555425054|-0.0911249619681175|-0.000447215657481727|2
mulhollanddrive|10578|59|1050|0|0|0|0|0|0|1|0|0|0|0|1|0|0|1|1|0|0|0|1|0|0|0.0104783709729642|-0.0282036471890405|0.0117606344094696|0.00355847357333224|0.0396491822129656|0.00136337849824066|0.0152017484513915|0.0541689201243723|5
mumford|12799|28|1492|0|0|0|0|1|0|1|0|0|0|0|0|0|0|0|0|0|0|0|0|0|0|0.0158248078051117|-0.0524513149714609|0.031232412273119|-0.0507814707669524|-0.00557915272888635|-0.00142156963272547|0.000130125171096513|-0.0653282411558792|2
mummythe|13234|23|1336|1|1|0|0|0|0|0|0|1|0|0|1|0|0|0|0|0|0|0|0|0|0|-0.00978590623011099|0.0563235411343306|0.0154904118514957|0.0566557779516169|-0.0482197616335817|-0.0585152305715279|0.0223631972178257|0.000732921846893842|4
musicoftheheart|12353|63|1698|0|0|0|0|0|0|1|0|0|0|0|0|0|0|0|0|0|0|0|0|0|0|-0.0380382557204875|-0.0306933842144787|0.0580904908194273|0.0262204347895849|-0.0926931531963969|0.0103713590443881|0.0709483979342967|-0.0013201198593694|1
mybestfriendswedding|13168|30|1925|0|0|0|0|1|0|0|0|0|0|0|0|0|0|0|1|0|0|0|0|0|0|0.0290522963961564|-0.0389879190338857|-0.00890807205667409|-0.0491173704038353|0.0566498857525437|-0.0623270348743298|-0.0367639522805264|-0.00434065093890964|2
mymotherdreamsthesatansdisciplesinnewyork|3483|21|389|0|0|0|0|0|0|0|0|0|0|0|0|0|0|0|0|0|1|0|0|0|0|-0.0613600428697153|0.038653484043103|-0.0218071910401968|-0.00800771147070946|0.0345476068059178|0.0442013218991955|-0.051681476829688|-0.0138213559836479|1
mysterymen|11328|72|1334|1|0|0|0|1|0|0|0|1|0|0|0|0|0|0|0|0|0|0|0|0|0|-0.0676542176767361|0.024106983155562|0.0167893399171203|0.0465211367154926|-0.0145366009442677|0.0345571225713506|0.0482517197935849|-0.00700075917429389|3
naturalbornkillers|13431|62|1349|1|0|0|0|0|1|0|0|0|0|0|0|0|0|0|1|0|0|0|1|0|0|0.0849009405474933|-0.0340644204447414|-0.0324921480309575|0.0211195155341858|0.0167561269851579|-0.0170309447469379|0.0247443236371258|-0.000361695271368744|4
nextfriday|7863|29|1293|0|0|0|0|1|0|0|0|0|0|0|0|0|0|0|0|0|0|0|0|0|0|-0.0774283584248519|-0.054084175751778|-0.0197102225252442|0.0410460940163137|0.00451023156696951|0.0164694300973471|0.0172634050980358|-0.0101987913996281|1
nickoftime|10179|43|1301|0|0|0|0|0|1|1|0|0|0|0|0|0|0|0|0|0|0|0|1|0|0|0.0132910769324333|-0.0203967291971448|-0.00349929398228841|-0.037892308077083|-0.0281926393123156|-0.0164692823667639|0.0507714780807255|-0.00456824494483921|3
nightmareonelmstreeta|12970|35|1259|0|0|0|0|1|0|0|0|0|0|0|1|0|0|1|0|0|0|0|0|0|0|-0.0263580662679842|0.0158516880902805|0.00510716587725619|0.0639688910452648|0.0665488976261995|0.0299883087810766|-0.0503473192838319|0.0511010281797467|3
nightmareonelmstreetthefinalchapter|12471|40|1201|0|0|0|0|1|0|0|0|0|0|0|1|0|0|1|0|0|0|0|0|0|0|-0.0181982856629073|0.0438790979122233|0.0513720181493368|0.0796980281538948|0.0197964410966604|0.0214305029995577|0.0053441975164807|-0.00486816563908865|3
nottinghill|8251|38|1393|0|0|0|0|1|0|1|0|0|0|0|0|0|0|0|1|0|0|0|0|0|0|0.0438099473474078|-0.0511410898169801|0.006953006683217|-0.0193239451777699|0.023194576590969|0.0182902475268189|-0.0333520514847632|-0.00498416442095923|3
nursebetty|14600|54|1896|0|0|0|0|1|0|0|0|0|0|0|0|0|0|0|0|0|0|0|1|0|0|0.0238014503212493|-0.0385576872530334|0.0321213161336604|-0.0185446585398345|0.047416717631259|-0.0108582806761751|-0.00166487631243212|-0.00556949786763479|2
oneflewoverthecuckoosnest|12444|45|1601|0|0|0|0|0|0|1|0|0|0|0|0|0|0|0|0|0|0|0|0|0|0|-0.0317242965034664|-0.0178074806333043|-0.0943289619762642|0.00426732791173126|-0.0632024103444987|-0.0316272477916203|0.0202732903827447|-0.0047553232316624|1
onlygodforgives|9838|33|1213|0|0|0|0|0|1|1|0|0|0|0|0|0|0|0|0|0|0|0|1|0|0|0.067151178306587|-0.00592017587569815|0.00833308704620796|0.00782502453738005|0.0195371393468602|0.0503355734693135|0.00349122102133428|-0.000654391019446625|3
outofsight|14083|49|2060|0|0|0|0|1|1|1|0|0|0|0|0|0|0|0|1|0|0|0|1|0|0|0.0470912964034964|-0.0499100327540532|-0.0324118571608239|-0.0302300503693317|0.0551380200405737|-0.0142714320723464|0.0284066327454352|-0.00314385374911561|5
panicroom|11732|13|1048|0|0|0|0|0|1|1|0|0|0|0|0|0|0|0|0|0|0|0|1|0|0|-0.0500480850758633|0.0200218483601996|-0.0510063719213809|0.01679382866434|0.0316575219617402|0.00696062099419177|-0.00556591779835177|-0.00847616444237622|3
patriotthe|15568|64|1553|1|0|0|0|0|0|1|0|0|0|0|0|0|0|0|0|0|0|0|0|1|0|0.0491776440823095|0.082340562022743|0.076854703608125|0.0799949478096474|-0.0106383891372946|-0.122606344929943|0.107792488392321|-0.107960784824098|3
pearlharbor|17048|127|1756|1|0|0|0|0|0|1|0|0|0|0|0|0|0|0|1|0|0|0|0|1|0|0.0802105053173244|0.0881372218136511|0.0399237894012924|-0.0285412681621576|0.000775622107169595|-0.0711279345153439|-0.113203998488326|-0.0585741385455092|4
peepingtom|13191|52|1960|0|0|0|0|0|0|1|0|0|0|0|1|0|0|0|0|0|0|0|1|0|0|-0.0700226528208425|0.0255060278939485|-0.107437326264476|0.0350225437441706|0.0707583055933226|-0.0304591352955318|0.0136709104603579|0.0487037079376887|3
peggysuegotmarried|12129|69|1585|0|0|0|0|1|0|0|0|0|0|0|0|0|0|0|0|0|0|0|0|0|0|-0.0638436068815595|-0.0413902243492599|0.0650933977115693|0.0274260858012878|0.00717642274016805|0.0786140957493449|0.0238131219057975|0.0504723540622295|1
petsematary|14930|43|2180|0|0|0|0|0|0|0|0|0|0|0|1|0|0|0|0|0|0|0|0|0|0|-0.0397553952975261|-0.00379486692272893|-0.0163849013725989|0.0508513103512075|-0.0185893167522185|0.0911446667379903|-0.0426088766727064|-0.0100833411191967|1
pi|7353|22|793|0|0|0|0|0|0|0|0|0|0|0|0|0|0|0|0|1|0|0|1|0|0|-0.0269374237086952|-0.00412268074825448|-0.049666015873463|-0.0517584229037474|0.0531211579598234|-0.060327859272244|-0.0152464761737703|-0.0677067826632758|2
pianistthe|10526|77|1124|0|0|0|1|0|0|1|0|0|0|0|0|1|0|0|0|0|0|0|0|1|0|-0.0107250085653901|0.0667920735965349|0.139112775080031|0.019589910898226|-0.0108455603022207|-0.0143149312130371|-0.0310463375714303|-0.0633217973235105|4
pitchblack|9921|14|1339|0|0|0|0|0|0|0|0|0|0|0|1|0|0|0|0|1|0|0|1|0|0|-0.0132369835706689|0.0407123338602988|0.0235985403936041|0.0247416183644674|-0.00541377754043482|-0.0488253985517238|-0.0487911571892219|-0.0641873633982775|3
platoon|15210|62|1282|1|0|0|0|0|0|1|0|0|0|0|0|0|0|0|0|0|0|0|0|1|0|-0.0513477743891396|0.0319377464119455|-0.0307382189698049|-0.00977145455772904|0.0355352986034497|0.0054214917760636|-0.0346430677547162|-0.00886615824111972|3
pleasantville|16063|63|1732|0|0|0|0|1|0|1|0|1|0|0|0|0|0|0|0|0|0|0|0|0|0|-0.0872287533665376|-0.0198688895172193|-0.0600892274515833|-0.00739875400635761|0.0716580320222689|-0.0903899105355348|-0.0126384984820917|-0.0116824690727199|3
pointbreak|15328|49|1170|1|1|0|0|0|1|1|0|0|0|0|0|0|0|0|0|0|0|0|1|0|0|-0.0397310490693698|0.0198258801350998|-0.0511214688416197|-0.000344373511182419|-0.0186103927922422|0.0133018585323181|-0.0101081411376297|-0.0101117439864138|5
prettywoman|11213|46|1587|0|0|0|0|1|0|0|0|0|0|0|0|0|0|0|1|0|0|0|0|0|0|-0.0635602525624118|-0.0447233785565693|0.00557760171010869|-0.0104396486141132|0.0128404381484949|-0.0123944467593102|0.00132433717615518|-0.00858352628143749|2
prettywomanfinalscript|20567|63|2683|0|0|0|0|1|0|0|0|0|0|0|0|0|0|0|1|0|0|0|0|0|0|0.000135667738251154|-0.0267959705919779|-0.0237190641390945|0.0410934657776052|0.012970893211772|-0.0131459877737725|0.0659646407462729|-0.000537264970234548|2
programthe|13263|66|1369|1|0|0|0|0|0|1|0|0|0|0|0|0|0|0|0|0|0|0|0|0|0|-0.111118241624081|-0.0122239978575908|-0.0839709154795663|0.0486033479940271|-0.0890942590572564|0.014476287942408|-0.00278374873293133|0.0477869913261027|2
prometheus|13170|21|1165|0|1|0|0|0|0|0|0|0|0|0|0|0|0|1|0|1|0|0|0|0|0|-0.0143300053559269|0.100030961323156|-0.0268838957756573|-0.0790255979912764|-0.00709149793052083|-0.0657746954074019|0.00798921912470758|0.118010235592279|3
prophecythe|12241|44|1386|0|0|0|0|0|0|0|0|1|0|0|1|0|0|1|0|0|0|0|1|0|0|-0.0162363050573316|0.0409070337524688|0.100435979611812|0.0570529326942654|-0.0354017846815427|0.0656862453087274|-0.00953702432729531|-0.00421370965761508|4
psycho|14436|32|1080|0|0|0|0|0|0|0|0|0|0|0|1|0|0|0|0|0|0|0|1|0|0|-0.00342175407062649|-0.0165087726823071|0.00872540469406868|0.0501166373302163|-0.00145227858994032|0.0503968823487371|-0.00796922602147244|0.0531314738358014|2
pulpfiction|13396|43|1616|1|0|0|0|0|1|1|0|0|0|0|0|0|0|0|0|0|0|0|1|0|0|0.0160349160791675|-0.0391612023972454|0.0159917149845173|-0.0145947151628949|-0.000346439682680289|0.00607244109795493|0.0230046321783609|-0.00330495329390096|4
punchdrunklove|7108|43|1198|0|0|0|0|1|0|1|0|0|0|0|0|0|0|0|1|0|0|0|0|0|0|0.073247396789071|-0.0921349606325277|-0.0181058659616834|-0.0251942280798478|0.013125104370501|0.0501408810780029|0.0188506274774698|0.0557941011863681|3
quantumproject|2944|22|335|0|0|0|0|0|0|1|0|0|0|0|0|0|0|0|0|0|1|0|0|0|0|-0.0144533633011732|0.0666673181591425|-0.0455503306609559|-0.019970335444097|0.0413008529210608|-0.064814941314758|-0.0981248732965299|-0.0684402572044875|2
raisingarizona|12163|40|1242|0|0|0|0|1|0|0|0|0|0|0|0|0|0|0|0|0|0|0|0|0|0|0.0401104441093221|0.00891716126754195|-0.0264270944380664|0.0776967997671965|-0.0193502807889347|-0.0137968859526508|0.0379770411344444|0.0612669364071923|1
ramblingrose|16557|22|1571|0|0|0|0|0|0|1|0|0|0|0|0|0|0|0|0|0|0|0|0|0|0|0.0348637632551925|0.0294981886828054|0.0720252137903059|0.0600294771830303|0.033512987141752|0.019362638245628|-0.00475806914801464|0.0600441274976715|1
rambofirstbloodiithemission|13650|32|1254|1|1|0|0|0|0|0|0|0|0|0|0|0|0|0|0|0|0|0|0|0|0|0.0468441739903268|0.0884072977838242|-0.0272908075166719|-0.0565303864687162|-0.0477031018372353|0.0201333759550134|0.031930085339918|-0.0586180739361143|2
rearwindow|18234|18|1960|0|0|0|0|0|0|0|0|0|0|0|0|0|0|1|0|0|0|0|1|0|0|-0.00781667883263595|0.0304380698525163|-0.0326334835583784|0.0724603369672191|0.0923848835782094|-0.0310561588461277|0.00298858930885759|-0.00516568250252496|2
reindeergames|13676|34|1539|1|0|0|0|0|1|1|0|0|0|0|0|0|0|0|0|0|0|0|1|0|0|-0.0512007773945582|-0.0181614446528447|0.00545271933230778|0.0236681625629612|-0.0110883751979386|0.0154319802498078|0.0537149595754318|-0.00818631443523137|4
relicthe|14822|45|1406|0|0|0|0|0|0|0|0|0|0|0|1|0|0|0|0|0|0|0|1|0|0|-0.010547605603214|0.0550255811033149|0.013582944478543|-0.0724807605698589|-0.030442169624961|0.00533328887135485|0.0340361515160169|-0.00462843451985641|2
residentevil|11620|39|1138|1|0|0|0|0|0|0|0|0|0|0|1|0|0|0|0|1|0|0|1|0|0|-0.0610290173593728|0.0720612185960772|0.00110328039363515|-0.0615655450470958|-0.024754012707894|-0.0353932338539603|-0.000811756989788315|-0.00855137596898782|4
ringu|8097|36|842|0|0|0|0|0|0|0|0|0|0|0|1|0|0|1|0|0|0|0|1|0|0|0.0734811571238151|0.0162712213187025|0.0018061577695592|0.0304569071777959|0.0552675354012756|-0.0162542896573291|-0.0071115108204649|0.00195418050291462|3
riseoftheguardians|14364|25|1617|0|1|1|0|0|0|0|1|0|0|0|0|0|0|0|0|0|0|0|0|0|0|-0.0378180220006165|0.0413331888301547|-0.0552679270918394|-0.0780150159642189|0.0752894044720687|-0.0442944510000764|-0.00478520109725361|-0.00942444571571833|3
rko281|11696|51|1289|0|0|0|0|0|0|1|0|0|0|0|0|0|0|0|0|0|0|0|0|0|0|-0.0623706692669017|-0.0238389410881795|-0.0405388530716287|-0.0519904647765113|0.0482761110528326|0.0146294217783952|0.011273329183873|-0.132702823783659|1
rockthe|13061|57|1384|1|0|0|0|0|0|0|0|0|0|0|0|0|0|0|0|0|0|0|0|0|0|0.0472474692216127|0.0464908417368564|-0.0418703938127688|-0.0325464143607402|-0.0749857818130491|-0.0695438679416723|0.00327044216620046|-0.0576581508297026|1
rocky|11877|50|1380|0|0|0|0|0|0|1|0|0|0|0|0|0|0|0|1|0|0|0|0|0|0|0.0210162022288192|-0.0047269011569984|-0.0456038443596931|-0.0702868955034931|0.104027093238351|-0.136222052524699|-0.034235727372637|-0.0628441903985099|2
ronin|13198|27|1139|1|0|0|0|0|1|0|0|0|0|0|0|0|0|0|0|0|0|0|1|0|0|0.0264972961423875|0.00813665080152783|-0.00514578000012151|-0.0299052929022557|0.0240255292983799|0.0137690088713139|0.0170816863883112|-0.00380320285684349|3
runawaybride|12734|44|1586|0|0|0|0|1|0|0|0|0|0|0|0|0|0|0|1|0|0|0|0|0|0|-0.0495514549433735|-0.0567059649777684|0.00574163950394798|-0.015194690203471|-0.00180843249462667|-0.00101886993603869|-0.000501437727874389|-0.0106529817101086|2
rushhour|14407|57|1458|1|0|0|0|1|1|0|0|0|0|0|0|0|0|0|0|0|0|0|0|0|0|0.0510544166011272|0.0328767896045412|0.0173527448128245|0.027344675525024|-0.0258659315519754|-0.0992958115293006|-0.0966631391857623|4.12267010795165e-05|3
rushhour2|9697|26|1205|1|0|0|0|1|1|0|0|0|0|0|0|0|0|0|0|0|0|0|0|0|0|-0.0279125399044166|-0.0202379698103483|-0.0279564738145544|-0.0205176286212656|0.0339397670749989|-0.00729328453510701|0.116212101112208|-0.0626447554886979|3
saltonseathe|10935|39|1598|0|0|0|0|0|1|1|0|0|0|0|0|0|0|0|0|0|0|0|1|0|0|-0.0403416751745922|-0.0614663526615311|-0.00999996331565007|0.0229950316662754|-0.0411937406245569|-0.0499225905262069|0.00181037709424038|-0.00548531254555015|3
sandlotkidsthe|9877|35|1410|0|0|0|0|1|0|1|1|0|0|0|0|0|0|0|0|0|0|0|0|0|0|-0.0844694989516291|-0.013684051164915|-0.0331213108979498|0.0723837605431489|-0.0720917338950045|-0.0612390293442343|-0.0420853163781449|-0.00771031195356208|3
savingmr.banks|11510|56|1642|0|0|0|0|0|0|1|0|0|0|0|0|0|0|0|0|0|0|0|0|0|0|0.0153862873206906|-0.0217631796254087|0.0142981097017208|0.0081607119009787|-0.0136285041189546|-0.00991109478269372|0.018185728753734|0.0553967765160164|1
savingprivateryan|11325|98|1344|1|0|0|0|0|0|1|0|0|0|0|0|0|0|0|0|0|0|0|0|1|0|-0.0349252827484825|0.00635634881676711|-0.0255137721228446|0.0253948963795796|0.0846534593794071|-0.189568274498196|0.00670777342848621|0.0575106023207058|3
scream|11102|37|1522|0|0|0|0|0|0|0|0|0|0|0|1|0|0|1|0|0|0|0|1|0|0|-0.016481386821414|0.0141806704139537|0.027259157418196|0.0507411516061256|0.0259395278994569|0.0458999135529128|0.0152098422119088|0.0546409264482086|3
scream2|10674|59|1300|0|0|0|0|0|0|0|0|0|0|0|1|0|0|1|0|0|0|0|1|0|0|-0.0384902166685049|0.0098319985936462|0.0320919261929366|0.0190953832850359|0.0252712998349982|0.0177294268155791|0.0251108132257672|-0.00673147257292671|3
se7en|18527|58|1766|0|0|0|0|0|0|1|0|0|0|0|0|0|0|1|0|0|0|0|1|0|0|0.00402971104675315|0.0149643105698272|0.00954146990382992|0.0420218141117286|-0.0144826716086285|-0.0136779787209763|0.0170777606144359|0.0594765062033803|3
searchersthe|15782|40|1686|0|0|0|0|0|0|1|0|0|0|0|0|0|0|0|0|0|0|0|0|0|1|0.00531760099201182|0.0306518055721922|-0.0485219204660948|-0.00970707149147577|-0.0527627378220492|0.0114666934865942|0.091941431809831|0.00046543644470543|2
senseandsensibility|13823|28|1862|0|0|0|0|1|0|1|0|0|0|0|0|0|0|0|1|0|0|0|0|0|0|0.0216567401512767|0.000712233068342916|0.0640879410209672|0.0458281010146981|0.00203742239855523|-0.030567097551649|-0.0820132016072273|-0.0640500320154666|3
sexliesandvideotape|7553|10|1182|0|0|0|0|0|0|1|0|0|0|0|0|0|0|0|0|0|0|0|0|0|0|0.0514216790904273|-0.109605351321279|0.0763817762853941|-0.0922194048504772|0.0234714157903239|0.00843252161525443|-0.018522458072537|-0.00452411762143426|1
shakespeareinlove|11199|69|1578|0|0|0|0|1|0|1|0|0|0|0|0|0|0|0|1|0|0|0|0|0|0|-0.0304001365947899|0.0109449330892884|0.007520434118316|0.0456570709330947|0.000221132401676208|-0.0303373479429491|-0.0516545264742138|-0.00779512285735082|3
shampoo|11212|60|1857|0|0|0|0|0|0|1|0|0|0|0|0|0|0|0|0|0|0|0|0|0|0|-0.00774692905586252|-0.0816150438640856|0.0214081690929839|-0.0264842803365673|0.0354185686822134|0.040549018195428|0.0214116276188095|-0.0678552939173855|1
shawshankredemptionthe|14704|51|1535|0|0|0|0|0|0|1|0|0|0|0|0|0|0|0|0|0|0|0|0|0|0|0.0531762658646184|-0.013548050523075|-0.0285265511760752|0.0135889940424199|0.0201459142866002|-0.0364767906499709|0.00887174713318891|-0.00215338931529616|1
shivers|10131|28|589|0|0|0|0|0|0|0|0|0|0|0|1|0|0|0|0|1|0|0|0|0|0|-0.0180020022708037|0.0327528557283093|0.0228078446278559|0.0132960427320608|0.00446215833075442|0.0436375561974834|0.0300255040745271|-0.0635238812449294|2
shrekthethird|11030|76|1510|0|1|1|0|1|0|0|0|0|0|0|0|0|0|0|0|0|0|0|0|0|0|-0.0393738548525805|0.0363051709202794|-0.0718484918004931|0.0881457359506649|-0.0170570234556368|-0.0166879421464476|-0.0616369190211312|-0.0701304288717817|3
sideways|12628|32|1693|0|1|0|0|1|0|1|0|0|0|0|0|0|0|0|0|0|0|0|0|0|0|-0.0142661951673136|0.00598403220796436|-0.0123707318356294|-0.165849784694603|0.0664409370973163|-0.0176402474822271|0.0133904652528626|-0.00724838544147464|3
signs|11850|25|1075|0|0|0|0|0|0|1|0|0|0|0|1|0|0|0|0|1|0|0|1|0|0|0.0288864871407523|0.0580466493827409|0.0140503084278089|0.0232008861940762|0.0290829358888498|0.0320829391020263|-0.0278012102810661|-0.0022357911452527|4
silenceofthelambs|15725|42|1305|0|0|0|0|0|1|1|0|0|0|0|1|0|0|0|0|0|0|0|1|0|0|0.00142095021049544|-0.0216921676615981|-0.0242358923235048|-0.00359920535748023|-0.0174596857948374|-0.0960485066908219|0.0220369532786042|-0.000239956815093984|4
silverbullet|13098|49|1753|0|0|0|0|0|0|0|0|0|0|0|1|0|0|0|0|0|0|0|0|0|0|0.00292539779997458|0.014912268226302|-0.00481338956830092|0.0261181111056001|-0.0222158483092661|0.0519969520528168|-0.0162514293565733|0.051997218022928|1
sisteract|13152|52|1715|0|0|0|0|1|1|0|0|0|0|0|0|0|1|0|0|0|0|0|0|0|0|-0.0247039162524053|-0.0303290530200534|0.0368901336115286|-0.00277116569179152|0.0220015810499885|0.0513545824582641|0.0327246552929627|-0.00868011074654185|3
sixthsensethe|12019|40|1275|0|0|0|0|0|0|1|0|0|0|0|1|0|0|1|0|0|0|0|1|0|0|0.0138036431148767|0.0177284291242111|0.0710511622716977|0.0204413768558771|0.0146655698032158|0.0326553077581851|-0.0338755243499974|-0.0650600401770101|4
sleepyhollow|13213|35|1472|0|0|0|0|0|0|0|0|0|0|0|1|0|0|1|0|0|0|0|0|0|0|0.0281914185446441|0.0869498337089536|0.0793666187483994|0.0961444621227158|-0.0438569271613602|0.0460457576101468|0.0121160869900194|0.00213346765157836|2
slingblade|10074|32|1097|0|0|0|0|0|0|1|0|0|0|0|0|0|0|0|0|0|0|0|0|0|0|0.0171283700591371|-0.0679793961071809|0.0572514093932646|-0.0369099827660599|-0.0163704185035649|0.0484817478436345|0.00151209352537122|0.0530874941545495|1
snowfallingoncedars|15001|50|2112|0|0|0|0|0|0|1|0|0|0|0|0|0|0|0|0|0|0|0|0|0|0|0.132669006611205|-0.00853251111461252|0.0269590354897156|-0.00816679605862948|0.0294089691042419|0.01616295385851|3.69984986066238e-05|0.00300253897305881|1
soimarriedanaxemurderer|9821|56|1275|0|0|0|0|1|0|0|0|0|0|0|0|0|0|0|1|0|0|0|1|0|0|-0.0288795545572492|-0.0151272029588675|0.0247980688914369|0.00296684405212834|0.0466820616997235|0.0647107935344043|0.0155833228836553|0.0511921916430725|3
solaris|5875|7|867|0|0|0|0|0|0|1|0|0|0|0|0|0|0|0|1|1|0|0|0|0|0|0.0144487981323321|-0.047257049866887|0.0721443844447115|-0.0684860246720608|0.0368275713280272|-0.00824879600205938|-0.0515113208002898|-0.00872333002243028|3
soldier|17079|35|1187|1|0|0|0|0|0|1|0|0|0|0|0|0|0|0|0|1|0|0|0|0|0|0.0312054727876329|0.086087591273628|-0.0316325040037743|-0.0383521200201784|0.019629823182667|0.0121558055951481|0.0698170415626347|-0.0571821265175093|3
someonetowatchoverme|10690|34|1322|1|0|0|0|0|1|1|0|0|0|0|0|0|0|0|0|0|0|0|1|0|0|-0.0333329663152791|-0.0273658160134579|-0.0101491900722219|0.00594158601046696|0.0111880484590347|0.0207353731421468|0.00186036518856176|0.0519007136320912|4
spareme|8133|38|1037|0|0|0|0|0|0|0|0|0|0|0|0|0|0|0|0|0|0|0|1|0|0|0.0213624760288042|-0.02315602816701|-0.00924004609788289|0.00145254541024421|0.0236042544660488|0.016338747295753|0.0207347696743532|0.0555500419579397|1
sphere|11437|17|2058|0|0|0|0|0|0|0|0|0|0|0|0|0|0|0|0|1|0|0|1|0|0|0.0687632195865048|-0.0241487754980465|0.0222531423380582|-0.0656999583086122|0.0186522613642328|-0.00824146679917586|0.0130894869899896|-0.000366415416756202|2
spiderman|13088|47|1653|1|1|0|0|0|0|0|0|0|0|0|0|0|0|0|0|1|0|0|0|0|0|-0.0352681415245555|0.0188095821788302|-0.0585852096070716|-0.0405590279507938|-0.00462952090628304|0.0522930839022123|-0.00377341049875922|-0.0103864600985331|3
starman|14448|46|1671|0|1|0|0|0|0|1|0|0|0|0|0|0|0|0|1|1|0|0|0|0|0|-0.038518252518265|0.0371338245013546|-0.0727141146009924|0.039024252081909|0.180436441756522|0.037058215145541|-0.0483414865531482|-0.0733245659871096|4
starshiptroopers|12245|67|1754|1|0|0|0|0|0|0|0|0|0|0|0|0|0|0|0|1|0|0|0|0|0|-0.038168725185994|-0.00465331530407946|0.00374804826358236|-0.0418315178053367|-0.0317819303495952|-0.0271130351783211|-0.0086338080255347|0.111587500772566|2
startrekiithewrathofkhan|9801|38|1571|1|1|0|0|0|0|0|0|0|0|0|0|0|0|0|0|1|0|0|0|0|0|0.0233016486771441|0.0147804456019509|-0.0136540054076077|-0.0905786838162895|-0.00116304229943078|-0.0753703606498844|0.00474349704545075|0.057964405143471|3
startreknemesis|10730|25|1392|1|1|0|0|0|0|1|0|0|0|0|0|0|0|0|0|1|0|0|1|0|0|-0.0324100693264033|0.0177449105727305|0.0064453044152698|-0.130349908831068|-0.0725149239379279|-0.00650449877666849|0.00779325261814408|-0.00718506844194909|5
starwarsanewhope|17225|66|2202|1|1|0|0|0|0|0|0|1|0|0|0|0|0|0|0|1|0|0|0|0|0|0.0301135088060912|0.0818434045110385|-0.0620914601793106|-0.0642181743343631|0.0950355074225245|0.0948585414735953|0.0984842932968423|0.0575463439149887|4
starwarsattackoftheclones|12920|66|1450|1|1|0|0|0|0|0|0|1|0|0|0|0|0|0|0|1|0|0|0|0|0|0.00846749340149046|-0.023853338958426|0.0522024456799016|-0.0315397563730059|-0.1240098586379|-0.0183086937068063|-0.0104912715243048|-0.00246976888097826|4
starwarstheempirestrikesback|13927|50|1644|1|1|0|0|0|0|0|0|1|0|0|0|0|0|0|0|1|0|0|0|0|0|0.0133205550355812|0.0943357401077035|-0.0430813312758132|-0.153944665526839|-0.104928576483269|0.0464110771987468|0.114415255060901|-0.00181842750779702|4
stateandmain|10073|49|1713|0|0|0|0|1|0|0|0|0|0|0|0|0|0|0|0|0|0|0|0|0|0|0.0580768671966286|-0.0367698508984534|-0.0296179992139926|-0.00387831138243366|0.0501617986270291|0.0217762768686266|0.0316781463820804|-0.00274426107320221|1
stationwest|12078|32|1603|0|0|0|0|0|0|0|0|0|0|0|0|0|0|0|0|0|0|0|0|0|1|-0.0783580103874161|-0.0348297705176999|0.00704323142221351|0.0260341554654829|-0.0156564559644141|0.00994602447766874|0.0411106902890953|-0.0671682899038812|1
stepmom|13495|29|2107|0|0|0|0|1|0|1|0|0|0|0|0|0|0|0|0|0|0|0|0|0|0|0.0558024887781808|-0.0466428815234802|0.0396797662589611|-0.0335056634624568|0.0231440704616987|0.0304165791505016|-0.0119574715755969|-0.00597049051334158|2
stingthe|12148|46|1236|0|0|0|0|1|1|1|0|0|0|0|0|0|0|0|0|0|0|0|0|0|0|-0.0900050470826782|-0.0385740241498048|-0.0321270516432475|-0.0170727623264626|-0.0332760111029893|-0.0207136978290249|0.0191530281893903|-0.0696242535571715|3
storytelling|4175|33|751|0|0|0|0|1|0|1|0|0|0|0|0|0|0|0|0|0|0|0|0|0|0|-0.0457769162330111|-0.0607078343798382|0.134932541170108|-0.0219079720276184|-0.0606288117454504|0.069833663492246|-0.0409637989514662|0.049301247588421|2
strangedays|17463|50|1257|1|0|0|0|0|1|1|0|0|0|0|0|0|0|1|0|1|0|0|1|0|0|-0.0363228188274892|0.000702642815332318|-0.0218814607654893|-0.0688152598659804|0.0391533859005369|0.0226821915693475|0.0129958108180379|-0.0091041584778027|6
sugarandspice|9172|52|1068|0|0|0|0|1|0|0|0|0|0|0|0|0|0|0|0|0|0|0|0|0|0|0.0441355438382356|-0.0263720885250167|-0.042406209961796|0.0624793106292224|-0.0552655532862817|0.00221076261865711|0.0565282214401144|-0.05946955521072|1
super8|13259|51|1472|0|0|0|0|0|0|0|0|0|0|0|0|0|0|1|0|1|0|0|1|0|0|-0.00749251067735099|0.00269324604448864|-0.00291032413960461|0.0040754226146|0.0554485803593806|-0.0312742999664262|-0.0186872179990045|-0.00353770088137059|3
sweetsmellofsuccess|18208|45|1742|0|0|0|0|0|0|1|0|0|1|0|0|0|0|0|0|0|0|0|0|0|0|0.0708982923094855|-0.0512070763039916|-0.0594179731050935|0.00243497847943924|0.0280061410256893|0.030386983385157|0.0262705223843729|-0.00333758582922692|2
swingers|8148|27|1216|0|0|0|0|1|0|1|0|0|0|0|0|0|0|0|0|0|0|0|0|0|0|-0.026596622716091|-0.084841727482517|-0.0361472124551062|-0.00452240681218181|0.041014921916894|-0.00371995849263403|0.0287475206925773|-0.129223289045678|2
takeshelter|10457|26|1117|0|0|0|0|0|0|1|0|0|0|0|0|0|0|0|0|0|0|0|1|0|0|-0.00686218267267419|0.0328758642282115|-0.0164240578589116|-0.0497444719847674|-0.00194936886532459|0.102597064846122|-0.00272758356530743|0.0519502929864987|2
takingsides|7651|32|825|0|0|0|0|0|0|1|0|0|0|0|0|1|0|0|0|0|0|0|0|0|0|0.132998576659957|-0.0639941053376489|0.0181327014516381|-0.053580826669291|-0.0354223634939226|0.00663544964172024|0.0125256364328961|0.00287139823783073|2
talentedmr.ripleythe|10219|23|1241|0|0|0|0|0|1|1|0|0|0|0|1|0|0|1|0|0|0|0|1|0|0|0.0102934077767542|-0.0509563906405801|0.0407238352516971|-0.0250909572475256|0.0343740756821932|-0.00916968060039902|-0.00780221526825741|-0.0658693682410849|5
taxidriver|12905|39|985|0|0|0|0|0|1|1|0|0|0|0|0|0|0|0|0|0|0|0|1|0|0|0.0270385713425688|-0.0223527489669131|-0.0142449891448486|-0.0400304583866071|0.0455665715427029|0.0272380125673973|-0.00327005643014981|-0.0671349377507275|3
ted|13373|51|1650|0|0|0|0|1|0|0|0|1|0|0|0|0|0|0|0|0|0|0|0|0|0|-0.0737515072630934|-0.0127649501513765|-0.0945880089822966|-0.00490839186755618|0.0881541554128935|0.00490961014890579|0.0187890610794251|-0.010909093863037|2
terminator|14441|52|1231|1|0|0|0|0|0|1|0|0|0|0|0|0|0|0|1|1|0|0|1|0|0|0.0210720542834915|0.088059045522918|-0.0829777135131641|0.0584231098230651|0.0528934636155019|0.116779542516467|0.00777045250011694|0.0543763320917762|5
terminator2judgementday|18092|43|1071|1|0|0|0|0|0|1|0|0|0|0|0|0|0|0|0|1|0|0|1|0|0|-0.0164335556042581|0.0625363511095742|-0.0742106912000314|-0.0314117453666518|-0.000561314310841297|0.058845334798521|0.0621241840380861|0.0541646352188447|4
thingthe|11308|15|1325|1|0|0|0|0|0|0|0|0|0|0|1|0|0|0|0|1|0|0|1|0|0|-0.0872357344660208|0.0250135885019573|-0.0127927170974176|-0.0389278448223487|0.00292054246314441|-0.0548889303353075|0.0409355514514375|-0.00837347093321165|4
thirteendays|17410|62|1804|0|0|0|0|0|0|1|0|0|0|0|0|0|0|0|0|0|0|0|0|0|0|0.0884689857548847|-0.194213611440983|-0.159245204403087|-0.0060756670646045|-0.202757806198025|-0.0250201190596893|-0.280289807008935|-0.0117550836448764|1
threekings|13229|51|1744|1|1|0|0|0|0|0|0|0|0|0|0|0|0|0|0|0|0|0|0|1|0|0.0230972313726878|0.0198324612985798|0.0304757129990205|0.0251866017847486|-0.0848508568134079|-0.089416375471997|0.103021088849709|0.0675495330371875|3
threekingsspoilsofwar|12340|12|1381|1|1|0|0|0|0|0|0|0|0|0|0|0|0|0|0|0|0|0|0|1|0|0.0160357387868411|-0.0546999835853195|0.028741194128199|-0.0194982360572653|-0.00905125528818165|0.0171324720280648|0.0276409018482878|-0.00278711035606672|3
thunderheart|15945|39|1286|0|0|0|0|0|1|0|0|0|0|0|0|0|0|1|0|0|0|0|1|0|0|0.0220919252057035|0.0328889806490802|-0.00848202679465705|-0.00270888417214658|0.0266211372685259|-0.0142612797774317|-0.003188891567524|0.0593755713064188|3
timemachinethe|11575|22|728|1|1|0|0|0|0|0|0|0|0|0|0|0|0|0|0|1|0|0|0|0|0|-0.0764914840981972|0.0995215340493302|-0.082974759950366|0.0114011767221473|0.0106448279768999|0.170355957887965|-0.0295124430250877|0.0428074977638461|3
tombstone|15518|64|1646|1|0|0|0|0|0|1|0|0|0|0|0|0|0|0|0|0|0|0|0|0|1|-0.0235035113849978|-0.048415286265196|0.0101469585764064|0.0141684115876704|-0.0593828925114835|-0.0147107493777586|0.00681018779832046|0.0543526766121863|3
tomorrowneverdies|17517|109|1768|1|1|0|0|0|0|0|0|0|0|0|0|0|0|0|0|0|0|0|1|0|0|0.0409398204543679|0.0469018785719662|-0.133832841959541|-0.0453350406066819|-0.0930463556605121|-0.0630754124667809|0.0612625284526634|0.00291936937804009|3
tosleepwithanger|12242|39|1196|0|0|0|0|0|0|1|0|0|0|0|0|0|0|0|0|0|0|0|0|0|0|-0.0102490333773509|0.00792848957063009|0.0988691251301058|0.052826317636892|0.0159314109478593|0.0385577564239351|-0.0395738952075564|-0.0066366554546092|1
totalrecall|9919|67|1013|1|1|0|0|0|0|0|0|0|0|0|0|0|0|0|0|1|0|0|1|0|0|0.0358363544687237|0.0681936669506815|-0.00849999790443693|-0.0616841782088311|0.0178610522097092|-0.0271999348672919|0.00668513062223705|-0.00203672319843474|4
toystory|11028|43|1492|0|0|1|0|1|0|0|1|1|0|0|0|0|0|0|0|0|0|0|0|0|0|-0.0828088227942654|0.0155981447930376|-0.0765103967006339|0.00295440720435763|-0.0172242080423967|0.0264076938267913|0.00815177630851742|-0.0114521440488904|4
traffic|15477|96|1767|0|0|0|0|0|1|1|0|0|0|0|0|0|0|0|0|0|0|0|1|0|0|0.011668992026656|-0.0212442251778426|0.0744685910358582|-0.00820933913367346|-0.0518096510337085|-0.0796562553145892|-0.0116194482900769|-0.000592905457539235|3
tremors|12735|20|1322|0|0|0|0|1|0|0|0|0|0|0|1|0|0|0|0|1|0|0|0|0|0|-0.0895063997206989|0.026173342209632|0.0581522785574501|-0.0184022132190595|-0.0744795336194917|-0.0518454057964021|-0.0673694822076961|-0.0694789065869482|3
truelies|15795|47|1710|1|1|0|0|1|0|0|0|0|0|0|0|0|0|0|1|0|0|0|1|0|0|-0.0249680530155321|0.0134736793327751|-0.000176843588948053|0.00536780680317259|-0.00240745521439792|-0.0213462629660297|-0.0214430384599426|0.111661623104404|5
underfire|14246|63|1274|0|0|0|0|0|0|1|0|0|0|0|0|0|0|0|0|0|0|0|0|0|0|0.0350873443806441|0.0316585405176695|-0.0571243451067931|0.0137330275337115|0.0108517054303125|-0.0784313041212117|0.00100993318186201|0.0610245135865558|1
upintheair|10467|34|1477|0|0|0|0|0|0|1|0|0|0|0|0|0|0|0|1|0|0|0|0|0|0|-0.0680056815036109|-0.0169217499649341|0.0456148117027205|-0.0358700228842657|-0.0126403262977193|0.0278914931083024|-0.0622391796327152|-0.0134605245634806|2
uturn|12785|22|1537|0|0|0|0|0|0|1|0|0|0|0|0|0|0|0|0|0|0|0|1|0|0|-0.0484311780007557|-0.0592353238565637|0.069408448759611|-0.00990727565895556|0.0246021078798769|0.0141218888339958|0.0545805086325843|-0.00939314286887157|2
verdictthe|10754|39|1275|0|0|0|0|0|0|1|0|0|0|0|0|0|0|0|0|0|0|0|0|0|0|0.0694528521693631|-0.115968960755915|-0.0279231741981536|0.0489149774564758|-0.0539375576008947|-0.0352182300203226|0.123772498242975|0.0630510620633071|1
verybadthings|9525|27|1402|0|0|0|0|1|0|0|0|0|0|0|0|0|0|0|0|0|0|0|1|0|0|0.0651125733448448|-0.0530770365623711|0.00219752147141757|0.0294641426223481|0.0172674291030354|0.0144175842563957|0.0235352251036408|-0.0626089437737767|2
vforvendetta|12833|57|1877|1|0|0|0|0|0|1|0|0|0|0|0|0|0|0|0|1|0|0|1|0|0|0.0363076360536317|0.00747496151303577|0.0698005213488434|-0.0574898235554018|-0.0407721195768138|0.0159371377096686|0.0484732742729302|-0.0610091996895592|4
walkingtall|3321|41|629|1|0|0|0|0|0|1|0|0|0|0|0|0|0|0|0|0|0|0|1|0|0|0.047562902102764|-0.0116198196488194|0.0132739864101148|0.0928840152088456|-0.0248410326988863|0.00646456271635541|0.0835338620425257|0.00264764898393127|3
wallstreet|15783|63|1435|0|0|0|0|0|1|1|0|0|0|0|0|0|0|0|0|0|0|0|0|0|0|-0.0657429885939171|-0.0604517776371349|-0.0302894724216077|-0.0218380199102023|0.00113320842181148|-0.0432445531938406|0.0108441299968063|0.0484867382706021|2
warhorse|12418|66|1296|0|0|0|0|0|0|1|0|0|0|0|0|0|0|0|0|0|0|0|0|1|0|-0.045981219765317|0.0181169826061913|0.00307115432517639|0.0164050252754962|-0.0737461816650606|-0.0204213449504103|0.0396361538541053|0.112678228364748|2
waroftheworlds|8442|34|1045|1|1|0|0|0|0|0|0|0|0|0|0|0|0|0|0|1|0|0|1|0|0|-0.0147148144236825|0.031876240829633|0.0551290701212784|-0.0640424915670321|0.0126970194282274|0.0573993792326737|-0.0270944252141091|-0.0697709853304394|4
whatliesbeneath|9091|21|1491|0|0|0|0|0|0|1|0|0|0|0|1|0|0|1|0|0|0|0|1|0|0|-0.0299192327503672|-0.0217349587797009|0.0488990141859427|-0.00397231135059168|0.0476995611751731|-0.0224633071354744|-0.000264956397085328|0.0519573470590333|4
whenastrangercalls|9589|44|1103|0|0|0|0|0|0|0|0|0|0|0|1|0|0|0|0|0|0|0|1|0|0|-0.0392397995716743|-0.00398043251013916|-0.0177953651945747|0.0773221779575813|-0.00538410393481134|0.0398835586455686|0.00493295208140832|0.0512658902940506|2
whitesquall|14483|49|1835|0|1|0|0|0|0|1|0|0|0|0|0|0|0|0|0|0|0|0|0|0|0|-0.000338820910771177|-0.020095714057802|0.0226317284676957|0.00727567522442395|-0.101037367262924|-0.0240754100352625|-0.013737357922196|-0.00463893900601901|2
whosyourdaddy|11240|50|1437|0|0|0|0|1|0|0|0|0|0|0|0|0|0|0|0|0|0|0|0|0|0|-0.0379383849622944|-0.033156866534779|0.102264048453483|-0.0151768480935282|-0.0106428719572455|-0.0290248062411453|-0.00997069789417501|0.05411797236931|1
wildatheart|13520|48|1632|0|0|0|0|0|1|1|0|0|0|0|0|0|0|0|1|0|0|0|1|0|0|0.0484218937522836|-0.0195674711457989|-0.0187973924914282|-0.00980823278857268|0.0557076716092902|0.0153091852833052|0.0114249946413754|-0.0625771889542836|4
winwin|9969|26|1769|0|0|0|0|1|0|1|0|0|0|0|0|0|0|0|0|0|0|0|0|0|0|-0.0876249548249651|-0.0749107892332228|-0.111466029124598|0.118272741857787|-0.162356071137068|0.0585918012244123|0.0773308727578186|-0.067018833753991|2
witness|11532|36|1154|0|0|0|0|0|1|1|0|0|0|0|0|0|0|0|1|0|0|0|1|0|0|-0.0773522340727379|0.00249849696499802|0.0231935052774812|0.00325873471248962|-0.0354733438046753|-0.132247060795645|0.0542862266037824|-0.00142388285799121|4
wonderboys|11774|39|1725|0|0|0|0|1|0|1|0|0|0|0|0|0|0|0|0|0|0|0|0|0|0|0.0194399070136183|-0.0438735336015688|-0.00293351381082631|-0.00830238658079018|0.0592746830962176|0.00291718292142651|-0.0396063343698156|0.0513441969046502|2
worldisnotenoughthe|13278|32|1431|1|1|0|0|0|0|0|0|0|0|0|0|0|0|0|0|0|0|0|1|0|0|0.0231566181878703|0.0797515800504898|-0.0314948383996378|-0.0685495125765301|-0.0207823710437273|-0.1096717086786|0.0560317203156796|0.00431014926207257|3
xfilesfightthefuturethe|14274|40|1132|1|0|0|0|0|0|0|0|0|0|0|0|0|0|0|0|1|0|0|1|0|0|0.0393335228134679|0.0646696581702297|-0.0283561111842792|-0.088677637269327|0.0240031576330758|-0.0196170832145792|-0.0239690418173396|-0.0632568716314525|3
xmen|14421|34|1189|1|0|0|0|0|0|0|0|0|0|0|0|0|0|0|0|1|0|0|0|0|0|-0.0010452397259697|0.0896791809431137|-0.00264509985219577|-0.10563572572128|-0.0181814661555378|0.0253757901085557|-0.0451756253183398|-0.00648454893109104|2
xxx|12521|25|1192|1|1|0|0|0|0|0|0|0|0|0|0|0|0|0|0|0|0|0|1|0|0|-0.0354174149688632|-0.000564648089119111|-0.00490610998638185|-0.0726027056489543|-0.0054703963048886|-0.0380666803098301|0.0280097742776051|-0.00449456907986732|3
youcancountonme|9272|20|1360|0|0|0|0|0|0|1|0|0|0|0|0|0|0|0|0|0|0|0|0|0|0|0.010036904525796|-0.0604979454578979|0.0393497632871333|-0.0336260916938135|0.00128627028148631|0.0343428685652603|-0.0184867687088643|0.0503277970458929|1
